year,jday,tree.type,site,plot,nindivs,tag,spp,dbh
2010,117,live,ems,A1,NA,1,yb,16.74
2010,117,live,ems,F3,NA,1,rm,16.52
2010,152,live,ems,A1,NA,1,yb,16.85
2010,152,live,ems,F3,NA,1,rm,16.55
2010,223,live,ems,A1,NA,1,yb,17.05
2010,223,live,ems,F3,NA,1,rm,16.7
2010,341,live,ems,A1,NA,1,yb,17.1
2010,341,live,ems,F3,NA,1,rm,16.76
2010,117,live,ems,A1,NA,2,rm,34.28
2010,117,live,ems,F3,NA,2,hem,23.64
2010,152,live,ems,A1,NA,2,rm,34.3
2010,152,live,ems,F3,NA,2,hem,21.95
2010,223,live,ems,A1,NA,2,rm,34.35
2010,223,live,ems,F3,NA,2,hem,22.01
2010,341,live,ems,A1,NA,2,rm,34.39
2010,341,live,ems,F3,NA,2,hem,22.01
2010,117,live,ems,F3,NA,3,wp,32.59
2010,152,live,ems,F3,NA,3,wp,32.7
2010,223,live,ems,F3,NA,3,wp,32.82
2010,341,live,ems,F3,NA,3,wp,32.87
2010,117,live,ems,F3,NA,4,hem,15.45
2010,152,live,ems,F3,NA,4,hem,15.59
2010,223,live,ems,F3,NA,4,hem,15.73
2010,341,live,ems,F3,NA,4,hem,15.8
2010,117,live,ems,F3,NA,5,yb,19.26
2010,152,live,ems,F3,NA,5,yb,19.4
2010,223,live,ems,F3,NA,5,yb,19.62
2010,341,live,ems,F3,NA,5,yb,19.75
2010,117,live,ems,A1,NA,6,rm,33.88
2010,117,live,ems,F3,NA,6,rm,20.2
2010,152,live,ems,A1,NA,6,rm,33.89
2010,152,live,ems,F3,NA,6,rm,20.2
2010,223,live,ems,A1,NA,6,rm,33.94
2010,223,live,ems,F3,NA,6,rm,20.26
2010,341,live,ems,A1,NA,6,rm,33.99
2010,341,live,ems,F3,NA,6,rm,20.28
2010,117,live,ems,F3,NA,7,hem,21.22
2010,152,live,ems,F3,NA,7,hem,21.42
2010,223,live,ems,F3,NA,7,hem,21.68
2010,341,live,ems,F3,NA,7,hem,21.7
2010,117,live,ems,A1,NA,8,yb,26.02
2010,117,live,ems,F3,NA,8,ro,64.54
2010,152,live,ems,A1,NA,8,yb,26.14
2010,152,live,ems,F3,NA,8,ro,64.67
2010,223,live,ems,A1,NA,8,yb,26.39
2010,223,live,ems,F3,NA,8,ro,65
2010,341,live,ems,A1,NA,8,yb,26.44
2010,341,live,ems,F3,NA,8,ro,65.05
2010,117,live,ems,A1,NA,9,yb,16.79
2010,117,live,ems,F3,NA,9,rm,29.76
2010,152,live,ems,A1,NA,9,yb,16.84
2010,152,live,ems,F3,NA,9,rm,29.18
2010,223,live,ems,A1,NA,9,yb,16.91
2010,223,live,ems,F3,NA,9,rm,29.33
2010,341,live,ems,A1,NA,9,yb,16.93
2010,341,live,ems,F3,NA,9,rm,29.4
2010,117,live,ems,A1,NA,10,yb,15.17
2010,117,live,ems,F3,NA,10,yb,19.99
2010,152,live,ems,A1,NA,10,yb,15.29
2010,152,live,ems,F3,NA,10,yb,19.99
2010,223,live,ems,A1,NA,10,yb,15.48
2010,223,live,ems,F3,NA,10,yb,20
2010,341,live,ems,A1,NA,10,yb,15.59
2010,341,live,ems,F3,NA,10,yb,20
2010,117,live,ems,A1,NA,11,rm,20.34
2010,117,live,ems,F3,NA,11,wp,24.63
2010,152,live,ems,A1,NA,11,rm,20.35
2010,152,live,ems,F3,NA,11,wp,24.76
2010,223,live,ems,A1,NA,11,rm,20.38
2010,223,live,ems,F3,NA,11,wp,24.86
2010,341,live,ems,A1,NA,11,rm,20.42
2010,341,live,ems,F3,NA,11,wp,24.94
2010,117,live,ems,A1,NA,12,rm,16.47
2010,117,live,ems,F3,NA,12,hem,28.35
2010,152,live,ems,A1,NA,12,rm,16.46
2010,152,live,ems,F3,NA,12,hem,28.59
2010,223,live,ems,A1,NA,12,rm,16.45
2010,223,live,ems,F3,NA,12,hem,28.9
2010,341,live,ems,A1,NA,12,rm,16.46
2010,341,live,ems,F3,NA,12,hem,28.91
2010,117,live,ems,A1,NA,14,ro,59.86
2010,152,live,ems,A1,NA,14,ro,60.5
2010,223,live,ems,A1,NA,14,ro,60.6
2010,341,live,ems,A1,NA,14,ro,60.64
2010,117,live,ems,A1,NA,15,rm,22.12
2010,152,live,ems,A1,NA,15,rm,22.11
2010,223,live,ems,A1,NA,15,rm,22.16
2010,341,live,ems,A1,NA,15,rm,22.17
2010,117,live,ems,A1,NA,17,rm,19.68
2010,152,live,ems,A1,NA,17,rm,19.65
2010,223,live,ems,A1,NA,17,rm,19.66
2010,341,live,ems,A1,NA,17,rm,19.68
2010,117,live,ems,A1,NA,18,rm,27.57
2010,152,live,ems,A1,NA,18,rm,27.63
2010,223,live,ems,A1,NA,18,rm,27.76
2010,341,live,ems,A1,NA,18,rm,27.78
2010,117,live,ems,A1,NA,19,ro,51.39
2010,152,live,ems,A1,NA,19,ro,51.78
2010,223,live,ems,A1,NA,19,ro,51.91
2010,341,live,ems,A1,NA,19,ro,51.97
2010,117,live,ems,A2,NA,25,rm,15.94
2010,152,live,ems,A2,NA,25,rm,16.02
2010,223,live,ems,A2,NA,25,rm,16.14
2010,341,live,ems,A2,NA,25,rm,16.18
2010,117,live,ems,A2,NA,26,bo,42.78
2010,152,live,ems,A2,NA,26,bo,42.9
2010,223,live,ems,A2,NA,26,bo,42.99
2010,341,live,ems,A2,NA,26,bo,43.03
2010,117,live,ems,A2,NA,27,rm,12.97
2010,152,live,ems,A2,NA,27,rm,13.09
2010,223,live,ems,A2,NA,27,rm,13.24
2010,341,live,ems,A2,NA,27,rm,13.33
2010,117,live,ems,A2,NA,29,rm,16.24
2010,117,live,ems,F4,NA,29,ro,37.79
2010,152,live,ems,A2,NA,29,rm,16.28
2010,152,live,ems,F4,NA,29,ro,37.89
2010,223,live,ems,A2,NA,29,rm,16.32
2010,223,live,ems,F4,NA,29,ro,37.97
2010,341,live,ems,A2,NA,29,rm,16.34
2010,341,live,ems,F4,NA,29,ro,38
2010,117,live,ems,A2,NA,30,rm,24.2
2010,152,live,ems,A2,NA,30,rm,24.23
2010,223,live,ems,A2,NA,30,rm,24.34
2010,341,live,ems,A2,NA,30,rm,24.38
2010,117,live,ems,A2,NA,31,bo,42.44
2010,152,live,ems,A2,NA,31,bo,42.68
2010,223,live,ems,A2,NA,31,bo,42.77
2010,341,live,ems,A2,NA,31,bo,42.82
2010,117,live,ems,A2,NA,32,ro,44.69
2010,152,live,ems,A2,NA,32,ro,45.27
2010,223,live,ems,A2,NA,32,ro,45.36
2010,341,live,ems,A2,NA,32,ro,45.39
2010,117,live,ems,A2,NA,33,bo,32.66
2010,152,live,ems,A2,NA,33,bo,32.74
2010,223,live,ems,A2,NA,33,bo,32.81
2010,341,live,ems,A2,NA,33,bo,32.86
2010,117,live,ems,A2,NA,34,ro,42.33
2010,152,live,ems,A2,NA,34,ro,42.43
2010,223,live,ems,A2,NA,34,ro,42.5
2010,341,live,ems,A2,NA,34,ro,42.53
2010,117,live,ems,A2,NA,35,rm,21.96
2010,117,live,ems,F4,NA,35,ro,35.5
2010,152,live,ems,A2,NA,35,rm,21.97
2010,152,live,ems,F4,NA,35,ro,34.83
2010,223,live,ems,A2,NA,35,rm,21.97
2010,223,live,ems,F4,NA,35,ro,35.08
2010,341,live,ems,A2,NA,35,rm,21.98
2010,341,live,ems,F4,NA,35,ro,35.14
2010,117,live,ems,F4,NA,36,ro,38.74
2010,152,live,ems,F4,NA,36,ro,38.94
2010,223,live,ems,F4,NA,36,ro,39.28
2010,341,live,ems,F4,NA,36,ro,39.31
2010,117,live,ems,F4,NA,39,ws,15.22
2010,152,live,ems,F4,NA,39,ws,15.22
2010,223,live,ems,F4,NA,39,ws,15.24
2010,341,live,ems,F4,NA,39,ws,15.24
2010,117,live,ems,F4,NA,40,rm,15.08
2010,152,live,ems,F4,NA,40,rm,15.09
2010,223,live,ems,F4,NA,40,rm,15.1
2010,341,live,ems,F4,NA,40,rm,15.12
2010,117,live,ems,F4,NA,42,rm,23.75
2010,152,live,ems,F4,NA,42,rm,23.82
2010,223,live,ems,F4,NA,42,rm,23.95
2010,341,live,ems,F4,NA,42,rm,24.01
2010,117,live,ems,F4,NA,44,rm,13.38
2010,152,live,ems,F4,NA,44,rm,13.4
2010,223,live,ems,F4,NA,44,rm,13.43
2010,341,live,ems,F4,NA,44,rm,13.45
2010,117,live,ems,F4,NA,46,rm,14.3
2010,152,live,ems,F4,NA,46,rm,14.31
2010,223,live,ems,F4,NA,46,rm,14.35
2010,341,live,ems,F4,NA,46,rm,14.34
2010,117,live,ems,F4,NA,48,ws,14.22
2010,152,live,ems,F4,NA,48,ws,14.21
2010,223,live,ems,F4,NA,48,ws,14.21
2010,341,live,ems,F4,NA,48,ws,14.22
2010,117,live,ems,F4,NA,49,ro,34.54
2010,152,live,ems,F4,NA,49,ro,34.68
2010,223,live,ems,F4,NA,49,ro,34.89
2010,341,live,ems,F4,NA,49,ro,34.91
2010,117,live,ems,F4,NA,50,ro,28.49
2010,152,live,ems,F4,NA,50,ro,28.59
2010,223,live,ems,F4,NA,50,ro,28.72
2010,341,live,ems,F4,NA,50,ro,28.76
2010,117,live,ems,A3,NA,51,ro,25.36
2010,117,live,ems,F4,NA,51,ro,28.96
2010,152,live,ems,A3,NA,51,ro,24.6
2010,152,live,ems,F4,NA,51,ro,28.27
2010,223,live,ems,A3,NA,51,ro,24.68
2010,223,live,ems,F4,NA,51,ro,28.38
2010,341,live,ems,A3,NA,51,ro,24.7
2010,341,live,ems,F4,NA,51,ro,28.44
2010,117,live,ems,A3,NA,52,beech,15.74
2010,152,live,ems,A3,NA,52,beech,15.84
2010,223,live,ems,A3,NA,52,beech,15.99
2010,341,live,ems,A3,NA,52,beech,16.05
2010,117,live,ems,A3,NA,53,rm,12.27
2010,117,live,ems,F4,NA,53,ws,17.65
2010,152,live,ems,A3,NA,53,rm,12.28
2010,152,live,ems,F4,NA,53,ws,17.66
2010,223,live,ems,A3,NA,53,rm,12.31
2010,223,live,ems,F4,NA,53,ws,17.67
2010,341,live,ems,A3,NA,53,rm,12.32
2010,341,live,ems,F4,NA,53,ws,17.68
2010,117,live,ems,A3,NA,54,ro,37.23
2010,152,live,ems,A3,NA,54,ro,37.41
2010,223,live,ems,A3,NA,54,ro,37.68
2010,341,live,ems,A3,NA,54,ro,37.77
2010,117,live,ems,A3,NA,55,rm,18.09
2010,117,live,ems,F4,NA,55,bb,26.5
2010,152,live,ems,A3,NA,55,rm,18.14
2010,152,live,ems,F4,NA,55,bb,25.3
2010,223,live,ems,A3,NA,55,rm,18.22
2010,223,live,ems,F4,NA,55,bb,25.44
2010,341,live,ems,A3,NA,55,rm,18.24
2010,341,live,ems,F4,NA,55,bb,25.5
2010,117,live,ems,A3,NA,56,rm,14.7
2010,117,live,ems,F4,NA,56,ws,18.16
2010,152,live,ems,A3,NA,56,rm,14.94
2010,152,live,ems,F4,NA,56,ws,18.17
2010,223,live,ems,A3,NA,56,rm,15.35
2010,223,live,ems,F4,NA,56,ws,18.17
2010,341,live,ems,A3,NA,56,rm,15.49
2010,341,live,ems,F4,NA,56,ws,18.17
2010,117,live,ems,A3,NA,57,ro,58.23
2010,152,live,ems,A3,NA,57,ro,58.88
2010,223,live,ems,A3,NA,57,ro,59.02
2010,341,live,ems,A3,NA,57,ro,59.06
2010,117,live,ems,A3,NA,58,ro,42.55
2010,152,live,ems,A3,NA,58,ro,42.43
2010,223,live,ems,A3,NA,58,ro,42.54
2010,341,live,ems,A3,NA,58,ro,42.6
2010,117,live,ems,A3,NA,60,rm,22.32
2010,152,live,ems,A3,NA,60,rm,22.42
2010,223,live,ems,A3,NA,60,rm,22.51
2010,341,live,ems,A3,NA,60,rm,22.55
2010,117,live,ems,A3,NA,61,ro,48.92
2010,152,live,ems,A3,NA,61,ro,48.9
2010,223,live,ems,A3,NA,61,ro,49.01
2010,341,live,ems,A3,NA,61,ro,49.04
2010,117,live,ems,F4,NA,62,wp,27.72
2010,152,live,ems,F4,NA,62,wp,27.74
2010,223,live,ems,F4,NA,62,wp,27.75
2010,341,live,ems,F4,NA,62,wp,27.78
2010,117,live,ems,A3,NA,64,yb,14.1
2010,117,live,ems,F4,NA,64,wp,29.66
2010,152,live,ems,A3,NA,64,yb,14.11
2010,152,live,ems,F4,NA,64,wp,29.73
2010,223,live,ems,A3,NA,64,yb,14.12
2010,223,live,ems,F4,NA,64,wp,29.78
2010,341,live,ems,A3,NA,64,yb,14.15
2010,341,live,ems,F4,NA,64,wp,29.85
2010,117,dead,ems,A3,NA,65,yb,14.8
2010,152,dead,ems,A3,NA,65,yb,14.8
2010,223,dead,ems,A3,NA,65,yb,14.8
2010,223,dead,ems,A3,NA,65,yb,14.81
2010,117,live,ems,A3,NA,66,rm,28.47
2010,152,live,ems,A3,NA,66,rm,28.01
2010,223,live,ems,A3,NA,66,rm,28.19
2010,341,live,ems,A3,NA,66,rm,28.22
2010,117,dead,ems,F4,NA,67,ws,14.18
2010,152,dead,ems,F4,NA,67,ws,14.18
2010,223,dead,ems,F4,NA,67,ws,14.15
2010,223,dead,ems,F4,NA,67,ws,14.12
2010,117,live,ems,F4,NA,68,rm,15.75
2010,152,live,ems,F4,NA,68,rm,15.76
2010,223,live,ems,F4,NA,68,rm,15.77
2010,341,live,ems,F4,NA,68,rm,15.79
2010,117,live,ems,A3,NA,69,rm,12.76
2010,117,live,ems,F4,NA,69,rm,14.27
2010,152,live,ems,A3,NA,69,rm,12.76
2010,152,live,ems,F4,NA,69,rm,14.29
2010,223,live,ems,A3,NA,69,rm,12.76
2010,223,live,ems,F4,NA,69,rm,14.28
2010,341,live,ems,A3,NA,69,rm,12.75
2010,341,live,ems,F4,NA,69,rm,14.3
2010,117,live,ems,A3,NA,70,ro,43.51
2010,152,live,ems,A3,NA,70,ro,43.59
2010,223,live,ems,A3,NA,70,ro,43.64
2010,341,live,ems,A3,NA,70,ro,43.68
2010,117,live,ems,F4,NA,71,rm,19.47
2010,152,live,ems,F4,NA,71,rm,19.48
2010,223,live,ems,F4,NA,71,rm,19.54
2010,341,live,ems,F4,NA,71,rm,19.58
2010,117,live,ems,F4,NA,73,wp,71.49
2010,152,live,ems,F4,NA,73,wp,71.53
2010,223,live,ems,F4,NA,73,wp,71.76
2010,341,live,ems,F4,NA,73,wp,71.93
2010,117,live,ems,F5,NA,76,wp,44.33
2010,152,live,ems,F5,NA,76,wp,44.51
2010,223,live,ems,F5,NA,76,wp,44.75
2010,341,live,ems,F5,NA,76,wp,44.86
2010,117,live,ems,F5,NA,77,wp,22.46
2010,152,live,ems,F5,NA,77,wp,22.48
2010,223,live,ems,F5,NA,77,wp,22.51
2010,341,live,ems,F5,NA,77,wp,22.53
2010,117,live,ems,F5,NA,79,cherry,13.2
2010,152,live,ems,F5,NA,79,cherry,13.2
2010,223,live,ems,F5,NA,79,cherry,13.2
2010,341,live,ems,F5,NA,79,cherry,13.21
2010,117,live,ems,F5,NA,81,ro,28.64
2010,152,live,ems,F5,NA,81,ro,28.84
2010,223,live,ems,F5,NA,81,ro,29.1
2010,341,live,ems,F5,NA,81,ro,29.22
2010,117,live,ems,F5,NA,84,ro,23.88
2010,152,live,ems,F5,NA,84,ro,23.98
2010,223,live,ems,F5,NA,84,ro,24.08
2010,341,live,ems,F5,NA,84,ro,24.14
2010,117,live,ems,F5,NA,85,wb,26.86
2010,152,live,ems,F5,NA,85,wb,26.86
2010,223,live,ems,F5,NA,85,wb,26.87
2010,341,live,ems,F5,NA,85,wb,26.86
2010,117,live,ems,F5,NA,86,hem,24.33
2010,152,live,ems,F5,NA,86,hem,24.48
2010,223,live,ems,F5,NA,86,hem,24.6
2010,341,live,ems,F5,NA,86,hem,24.62
2010,117,live,ems,F5,NA,87,ro,20.82
2010,152,live,ems,F5,NA,87,ro,20.89
2010,223,live,ems,F5,NA,87,ro,20.97
2010,341,live,ems,F5,NA,87,ro,21.02
2010,117,dead,ems,F5,NA,88,ws,26.06
2010,152,dead,ems,F5,NA,88,ws,26.02
2010,223,dead,ems,F5,NA,88,ws,25.97
2010,223,dead,ems,F5,NA,88,ws,25.91
2010,117,live,ems,F5,NA,89,ro,14.92
2010,152,live,ems,F5,NA,89,ro,14.94
2010,223,live,ems,F5,NA,89,ro,14.96
2010,341,live,ems,F5,NA,89,ro,14.98
2010,117,live,ems,G5,NA,90,bb,12.41
2010,152,live,ems,G5,NA,90,bb,12.5
2010,223,live,ems,G5,NA,90,bb,12.68
2010,341,live,ems,G5,NA,90,bb,12.75
2010,117,live,ems,A2,NA,92,beech,13.29
2010,152,live,ems,A2,NA,92,beech,12.67
2010,223,live,ems,A2,NA,92,beech,12.88
2010,341,live,ems,A2,NA,92,beech,13.02
2010,117,live,ems,F5,NA,94,rm,18.96
2010,152,live,ems,F5,NA,94,rm,18.96
2010,223,live,ems,F5,NA,94,rm,19
2010,341,live,ems,F5,NA,94,rm,19
2010,117,live,ems,F5,NA,97,cherry,27.85
2010,152,live,ems,F5,NA,97,cherry,27.88
2010,223,live,ems,F5,NA,97,cherry,27.97
2010,341,live,ems,F5,NA,97,cherry,28.02
2010,117,live,ems,F5,NA,98,hem,23.71
2010,152,live,ems,F5,NA,98,hem,23.88
2010,223,live,ems,F5,NA,98,hem,24.04
2010,341,live,ems,F5,NA,98,hem,24.07
2010,117,live,ems,F5,NA,99,hem,28.35
2010,152,live,ems,F5,NA,99,hem,28.51
2010,223,live,ems,F5,NA,99,hem,28.7
2010,341,live,ems,F5,NA,99,hem,28.72
2010,117,live,ems,F5,NA,104,rm,20.69
2010,152,live,ems,F5,NA,104,rm,20.7
2010,223,live,ems,F5,NA,104,rm,20.77
2010,341,live,ems,F5,NA,104,rm,20.8
2010,117,live,ems,F5,NA,109,ro,38.18
2010,152,live,ems,F5,NA,109,ro,38.28
2010,223,live,ems,F5,NA,109,ro,38.47
2010,341,live,ems,F5,NA,109,ro,38.47
2010,117,live,ems,F5,NA,110,ro,28.78
2010,152,live,ems,F5,NA,110,ro,28.91
2010,223,live,ems,F5,NA,110,ro,29.12
2010,341,live,ems,F5,NA,110,ro,29.16
2010,117,live,ems,F5,NA,114,ro,23.9
2010,152,live,ems,F5,NA,114,ro,24.01
2010,223,live,ems,F5,NA,114,ro,24.13
2010,341,live,ems,F5,NA,114,ro,24.2
2010,117,live,ems,F5,NA,117,wp,45.81
2010,117,live,ems,H1,NA,117,hem,13.33
2010,152,live,ems,F5,NA,117,wp,45.99
2010,152,live,ems,H1,NA,117,hem,13.49
2010,223,live,ems,F5,NA,117,wp,46.41
2010,223,live,ems,H1,NA,117,hem,13.7
2010,341,live,ems,F5,NA,117,wp,46.55
2010,341,live,ems,H1,NA,117,hem,13.8
2010,117,live,ems,F5,NA,119,rm,15.18
2010,152,live,ems,F5,NA,119,rm,15.18
2010,223,live,ems,F5,NA,119,rm,15.18
2010,341,live,ems,F5,NA,119,rm,15.19
2010,117,live,ems,F5,NA,121,ro,25.33
2010,152,live,ems,F5,NA,121,ro,25.37
2010,223,live,ems,F5,NA,121,ro,25.42
2010,341,live,ems,F5,NA,121,ro,25.46
2010,117,live,ems,F5,NA,122,wb,22.15
2010,152,live,ems,F5,NA,122,wb,22.18
2010,223,live,ems,F5,NA,122,wb,22.23
2010,341,live,ems,F5,NA,122,wb,22.27
2010,117,live,ems,F5,NA,126,rm,17.2
2010,152,live,ems,F5,NA,126,rm,17.21
2010,223,live,ems,F5,NA,126,rm,17.22
2010,341,live,ems,F5,NA,126,rm,17.23
2010,117,live,ems,F5,NA,127,rm,11.66
2010,152,live,ems,F5,NA,127,rm,11.67
2010,223,live,ems,F5,NA,127,rm,11.74
2010,341,live,ems,F5,NA,127,rm,11.76
2010,117,live,ems,F5,NA,128,cherry,25.23
2010,152,live,ems,F5,NA,128,cherry,25.3
2010,223,live,ems,F5,NA,128,cherry,25.4
2010,341,live,ems,F5,NA,128,cherry,25.48
2010,117,live,ems,F5,NA,133,ro,35.53
2010,152,live,ems,F5,NA,133,ro,35.19
2010,223,live,ems,F5,NA,133,ro,35.38
2010,341,live,ems,F5,NA,133,ro,35.41
2010,117,live,ems,B1,NA,152,rm,17.78
2010,117,live,ems,G1,NA,152,rp,42.27
2010,152,live,ems,B1,NA,152,rm,17.61
2010,152,live,ems,G1,NA,152,rp,42.32
2010,223,live,ems,B1,NA,152,rm,17.72
2010,223,live,ems,G1,NA,152,rp,42.42
2010,341,live,ems,B1,NA,152,rm,17.75
2010,341,live,ems,G1,NA,152,rp,42.5
2010,117,live,ems,B1,NA,153,ro,52.4
2010,117,live,ems,G1,NA,153,rm,15.75
2010,152,live,ems,B1,NA,153,ro,52.52
2010,152,live,ems,G1,NA,153,rm,15.79
2010,223,live,ems,B1,NA,153,ro,52.54
2010,223,live,ems,G1,NA,153,rm,16.03
2010,341,live,ems,B1,NA,153,ro,52.78
2010,341,live,ems,G1,NA,153,rm,16.07
2010,117,live,ems,B1,NA,154,rm,27.57
2010,152,live,ems,B1,NA,154,rm,27.63
2010,223,live,ems,B1,NA,154,rm,27.76
2010,341,live,ems,B1,NA,154,rm,27.78
2010,117,live,ems,B1,NA,155,ro,51.39
2010,152,live,ems,B1,NA,155,ro,51.78
2010,223,live,ems,B1,NA,155,ro,51.91
2010,341,live,ems,B1,NA,155,ro,51.97
2010,117,live,ems,B1,NA,156,rm,39.72
2010,152,live,ems,B1,NA,156,rm,39.76
2010,223,live,ems,B1,NA,156,rm,39.95
2010,341,live,ems,B1,NA,156,rm,40
2010,117,live,ems,B1,NA,157,rm,19.9
2010,117,live,ems,G1,NA,157,rp,44.36
2010,152,live,ems,B1,NA,157,rm,19.91
2010,152,live,ems,G1,NA,157,rp,44.4
2010,223,live,ems,B1,NA,157,rm,19.91
2010,223,live,ems,G1,NA,157,rp,44.47
2010,341,live,ems,B1,NA,157,rm,19.91
2010,341,live,ems,G1,NA,157,rp,44.52
2010,117,live,ems,G1,NA,158,rp,38.23
2010,152,live,ems,G1,NA,158,rp,38.26
2010,223,live,ems,G1,NA,158,rp,38.36
2010,341,live,ems,G1,NA,158,rp,38.41
2010,117,live,ems,B1,NA,159,rm,29.82
2010,152,live,ems,B1,NA,159,rm,29.86
2010,223,live,ems,B1,NA,159,rm,30.01
2010,341,live,ems,B1,NA,159,rm,30.04
2010,117,live,ems,B1,NA,160,rm,35.87
2010,117,live,ems,G1,NA,160,rp,33.73
2010,152,live,ems,B1,NA,160,rm,35.88
2010,152,live,ems,G1,NA,160,rp,33.74
2010,223,live,ems,B1,NA,160,rm,35.9
2010,223,live,ems,G1,NA,160,rp,33.77
2010,341,live,ems,B1,NA,160,rm,35.91
2010,341,live,ems,G1,NA,160,rp,33.78
2010,117,live,ems,B1,NA,161,rm,19.52
2010,117,live,ems,G1,NA,161,rp,34.64
2010,152,live,ems,B1,NA,161,rm,19.53
2010,152,live,ems,G1,NA,161,rp,34.75
2010,223,live,ems,B1,NA,161,rm,19.62
2010,223,live,ems,G1,NA,161,rp,34.89
2010,341,live,ems,B1,NA,161,rm,19.65
2010,341,live,ems,G1,NA,161,rp,34.93
2010,117,live,ems,B1,NA,162,rm,33.31
2010,117,live,ems,G1,NA,162,rp,39.66
2010,152,live,ems,B1,NA,162,rm,33.33
2010,152,live,ems,G1,NA,162,rp,39.71
2010,223,live,ems,B1,NA,162,rm,33.41
2010,223,live,ems,G1,NA,162,rp,39.79
2010,341,live,ems,B1,NA,162,rm,33.44
2010,341,live,ems,G1,NA,162,rp,39.82
2010,117,live,ems,B1,NA,163,rm,13
2010,152,live,ems,B1,NA,163,rm,13
2010,223,live,ems,B1,NA,163,rm,13
2010,341,live,ems,B1,NA,163,rm,13.01
2010,117,live,ems,B1,NA,164,wp,20.39
2010,152,live,ems,B1,NA,164,wp,20.51
2010,223,live,ems,B1,NA,164,wp,20.62
2010,341,live,ems,B1,NA,164,wp,20.69
2010,117,live,ems,B1,NA,165,ro,44.62
2010,117,live,ems,G1,NA,165,rm,14.81
2010,152,live,ems,B1,NA,165,ro,44.7
2010,152,live,ems,G1,NA,165,rm,14.84
2010,223,live,ems,B1,NA,165,ro,44.77
2010,223,live,ems,G1,NA,165,rm,14.96
2010,341,live,ems,B1,NA,165,ro,44.81
2010,341,live,ems,G1,NA,165,rm,14.97
2010,117,dead,ems,G1,NA,166,cherry,14.71
2010,152,dead,ems,G1,NA,166,cherry,14.71
2010,223,dead,ems,G1,NA,166,cherry,14.71
2010,223,dead,ems,G1,NA,166,cherry,14.71
2010,117,live,ems,G1,NA,167,rp,34.85
2010,152,live,ems,G1,NA,167,rp,34.88
2010,223,live,ems,G1,NA,167,rp,34.95
2010,341,live,ems,G1,NA,167,rp,34.98
2010,117,live,ems,G1,NA,168,rp,28.74
2010,152,live,ems,G1,NA,168,rp,28.87
2010,223,live,ems,G1,NA,168,rp,29.05
2010,341,live,ems,G1,NA,168,rp,29.13
2010,117,live,ems,G1,NA,169,rp,33.91
2010,152,live,ems,G1,NA,169,rp,33.93
2010,223,live,ems,G1,NA,169,rp,33.97
2010,341,live,ems,G1,NA,169,rp,33.99
2010,117,live,ems,G1,NA,172,rp,23.25
2010,152,live,ems,G1,NA,172,rp,23.25
2010,223,live,ems,G1,NA,172,rp,23.26
2010,341,live,ems,G1,NA,172,rp,23.26
2010,117,live,ems,G1,NA,173,rp,29.74
2010,152,live,ems,G1,NA,173,rp,29.76
2010,223,live,ems,G1,NA,173,rp,29.83
2010,341,live,ems,G1,NA,173,rp,29.87
2010,117,live,ems,G1,NA,174,rp,46.42
2010,152,live,ems,G1,NA,174,rp,46.46
2010,223,live,ems,G1,NA,174,rp,46.57
2010,341,live,ems,G1,NA,174,rp,46.59
2010,117,live,ems,G1,NA,175,ro,30.33
2010,152,live,ems,G1,NA,175,ro,30.44
2010,223,live,ems,G1,NA,175,ro,30.72
2010,341,live,ems,G1,NA,175,ro,30.78
2010,117,live,ems,G1,NA,176,rm,17.85
2010,152,live,ems,G1,NA,176,rm,17.96
2010,223,live,ems,G1,NA,176,rm,18.35
2010,341,live,ems,G1,NA,176,rm,18.42
2010,117,live,ems,B2,NA,179,ro,66.66
2010,152,live,ems,B2,NA,179,ro,66.77
2010,223,live,ems,B2,NA,179,ro,66.94
2010,341,live,ems,B2,NA,179,ro,66.97
2010,117,live,ems,B2,NA,182,yb,32.02
2010,152,live,ems,B2,NA,182,yb,32.14
2010,223,live,ems,B2,NA,182,yb,32.28
2010,341,live,ems,B2,NA,182,yb,32.32
2010,117,live,ems,B2,NA,185,rm,13.96
2010,152,live,ems,B2,NA,185,rm,13.96
2010,223,live,ems,B2,NA,185,rm,13.95
2010,341,live,ems,B2,NA,185,rm,13.96
2010,117,live,ems,B2,NA,187,rm,31.75
2010,152,live,ems,B2,NA,187,rm,31.77
2010,223,live,ems,B2,NA,187,rm,31.82
2010,341,live,ems,B2,NA,187,rm,31.84
2010,117,live,ems,B2,NA,189,cherry,36.23
2010,152,live,ems,B2,NA,189,cherry,36.23
2010,223,live,ems,B2,NA,189,cherry,36.24
2010,341,live,ems,B2,NA,189,cherry,36.25
2010,117,live,ems,B2,NA,192,bb,13.54
2010,152,live,ems,B2,NA,192,bb,13.6
2010,223,live,ems,B2,NA,192,bb,13.69
2010,341,live,ems,B2,NA,192,bb,13.72
2010,117,live,ems,B2,NA,193,yb,17.89
2010,152,live,ems,B2,NA,193,yb,18.01
2010,223,live,ems,B2,NA,193,yb,18.18
2010,341,live,ems,B2,NA,193,yb,18.26
2010,117,live,ems,B2,NA,194,rm,23.35
2010,152,live,ems,B2,NA,194,rm,23.46
2010,223,live,ems,B2,NA,194,rm,23.65
2010,341,live,ems,B2,NA,194,rm,23.74
2010,117,live,ems,B3,NA,201,ro,39.52
2010,152,live,ems,B3,NA,201,ro,39.7
2010,223,live,ems,B3,NA,201,ro,39.99
2010,341,live,ems,B3,NA,201,ro,40.04
2010,117,live,ems,B3,NA,202,ro,21.88
2010,117,live,ems,F1,NA,202,hem,11.86
2010,117,live,ems,G2,NA,202,hem,40.35
2010,152,live,ems,B3,NA,202,ro,21.93
2010,152,live,ems,F1,NA,202,hem,12.07
2010,152,live,ems,G2,NA,202,hem,40.45
2010,223,live,ems,B3,NA,202,ro,21.95
2010,223,live,ems,F1,NA,202,hem,12.32
2010,223,live,ems,G2,NA,202,hem,40.57
2010,341,live,ems,B3,NA,202,ro,21.98
2010,341,live,ems,F1,NA,202,hem,12.34
2010,341,live,ems,G2,NA,202,hem,40.6
2010,117,live,ems,B3,NA,203,ash,16
2010,117,live,ems,G2,NA,203,ro,23.46
2010,117,live,ems,G5,NA,203,hem,10
2010,152,live,ems,B3,NA,203,ash,16
2010,152,live,ems,G2,NA,203,ro,23.49
2010,152,live,ems,G5,NA,203,hem,10
2010,223,live,ems,B3,NA,203,ash,16.02
2010,223,live,ems,G2,NA,203,ro,23.52
2010,223,live,ems,G5,NA,203,hem,10
2010,341,live,ems,B3,NA,203,ash,16.02
2010,341,live,ems,G2,NA,203,ro,23.55
2010,341,live,ems,G5,NA,203,hem,10
2010,117,live,ems,B3,NA,204,rm,27.93
2010,117,live,ems,G2,NA,204,hem,43.76
2010,152,live,ems,B3,NA,204,rm,27.95
2010,152,live,ems,G2,NA,204,hem,43.87
2010,223,live,ems,B3,NA,204,rm,27.94
2010,223,live,ems,G2,NA,204,hem,44.04
2010,341,live,ems,B3,NA,204,rm,27.95
2010,341,live,ems,G2,NA,204,hem,44.09
2010,117,live,ems,E3,NA,205,rm,10.44
2010,117,live,ems,G2,NA,205,yb,12.91
2010,152,live,ems,E3,NA,205,rm,10.49
2010,152,live,ems,G2,NA,205,yb,12.91
2010,223,live,ems,E3,NA,205,rm,10.59
2010,223,live,ems,G2,NA,205,yb,12.92
2010,341,live,ems,E3,NA,205,rm,10.62
2010,341,live,ems,G2,NA,205,yb,12.94
2010,117,live,ems,G2,NA,206,cherry,51.05
2010,152,live,ems,G2,NA,206,cherry,51.06
2010,223,live,ems,G2,NA,206,cherry,51.19
2010,341,live,ems,G2,NA,206,cherry,51.23
2010,117,live,ems,C3,NA,207,hem,10.8
2010,117,live,ems,G2,NA,207,hem,36.22
2010,152,live,ems,C3,NA,207,hem,10.99
2010,152,live,ems,G2,NA,207,hem,36.75
2010,223,live,ems,C3,NA,207,hem,11.14
2010,223,live,ems,G2,NA,207,hem,36.9
2010,341,live,ems,C3,NA,207,hem,11.16
2010,341,live,ems,G2,NA,207,hem,36.91
2010,117,live,ems,B3,NA,208,rm,19.79
2010,117,live,ems,D5,NA,208,beech,11.17
2010,152,live,ems,B3,NA,208,rm,19.91
2010,152,live,ems,D5,NA,208,beech,11.33
2010,223,live,ems,B3,NA,208,rm,19.93
2010,223,live,ems,D5,NA,208,beech,11.67
2010,341,live,ems,B3,NA,208,rm,19.92
2010,341,live,ems,D5,NA,208,beech,11.72
2010,117,live,ems,B3,NA,209,ro,23.17
2010,117,live,ems,E1,NA,209,hem,10.65
2010,117,live,ems,G2,NA,209,hem,31.4
2010,152,live,ems,B3,NA,209,ro,23.26
2010,152,live,ems,E1,NA,209,hem,10.79
2010,152,live,ems,G2,NA,209,hem,31.48
2010,223,live,ems,B3,NA,209,ro,23.31
2010,223,live,ems,E1,NA,209,hem,10.93
2010,223,live,ems,G2,NA,209,hem,31.59
2010,341,live,ems,B3,NA,209,ro,23.35
2010,341,live,ems,E1,NA,209,hem,10.93
2010,341,live,ems,G2,NA,209,hem,31.64
2010,117,live,ems,B3,NA,210,ro,35.4
2010,117,live,ems,F1,NA,210,hem,10.33
2010,117,live,ems,G2,NA,210,hem,47.63
2010,152,live,ems,B3,NA,210,ro,35.57
2010,152,live,ems,F1,NA,210,hem,10.41
2010,152,live,ems,G2,NA,210,hem,47.69
2010,223,live,ems,B3,NA,210,ro,35.84
2010,223,live,ems,F1,NA,210,hem,10.53
2010,223,live,ems,G2,NA,210,hem,47.93
2010,341,live,ems,B3,NA,210,ro,35.88
2010,341,live,ems,F1,NA,210,hem,10.53
2010,341,live,ems,G2,NA,210,hem,47.95
2010,117,live,ems,B3,NA,211,rm,17.73
2010,117,live,ems,G1,NA,211,beech,10.62
2010,117,live,ems,G2,NA,211,ro,31.31
2010,152,live,ems,B3,NA,211,rm,17.73
2010,152,live,ems,G1,NA,211,beech,10.71
2010,152,live,ems,G2,NA,211,ro,31.4
2010,223,live,ems,B3,NA,211,rm,17.74
2010,223,live,ems,G1,NA,211,beech,10.96
2010,223,live,ems,G2,NA,211,ro,31.58
2010,341,live,ems,B3,NA,211,rm,17.76
2010,341,live,ems,G1,NA,211,beech,10.99
2010,341,live,ems,G2,NA,211,ro,31.6
2010,117,live,ems,B3,NA,212,rm,13.53
2010,152,live,ems,B3,NA,212,rm,13.55
2010,223,live,ems,B3,NA,212,rm,13.58
2010,341,live,ems,B3,NA,212,rm,13.59
2010,117,rcrt,ems,A1,NA,212,yb,10.2
2010,152,rcrt,ems,A1,NA,212,yb,10.2
2010,223,rcrt,ems,A1,NA,212,yb,10.2
2010,341,rcrt,ems,A1,NA,212,yb,10.2
2010,117,live,ems,B3,NA,213,rm,14.25
2010,117,live,ems,G2,NA,213,hem,39.02
2010,152,live,ems,B3,NA,213,rm,14.28
2010,152,live,ems,G2,NA,213,hem,39.04
2010,223,live,ems,B3,NA,213,rm,14.32
2010,223,live,ems,G2,NA,213,hem,39.09
2010,341,live,ems,B3,NA,213,rm,14.33
2010,341,live,ems,G2,NA,213,hem,39.11
2010,117,rcrt,ems,C2,NA,213,yb,10.3
2010,152,rcrt,ems,C2,NA,213,yb,10.3
2010,223,rcrt,ems,C2,NA,213,yb,10.3
2010,341,rcrt,ems,C2,NA,213,yb,10.3
2010,117,live,ems,B3,NA,214,yb,16.1
2010,117,live,ems,C1,NA,214,bb,11.06
2010,117,live,ems,G2,NA,214,hem,40.3
2010,152,live,ems,B3,NA,214,yb,16.13
2010,152,live,ems,C1,NA,214,bb,11.17
2010,152,live,ems,G2,NA,214,hem,40.43
2010,223,live,ems,B3,NA,214,yb,16.14
2010,223,live,ems,C1,NA,214,bb,11.42
2010,223,live,ems,G2,NA,214,hem,40.61
2010,341,live,ems,B3,NA,214,yb,16.15
2010,341,live,ems,C1,NA,214,bb,11.46
2010,341,live,ems,G2,NA,214,hem,40.99
2010,117,rcrt,ems,C2,NA,214,yb,11.5
2010,152,rcrt,ems,C2,NA,214,yb,11.5
2010,223,rcrt,ems,C2,NA,214,yb,11.5
2010,341,rcrt,ems,C2,NA,214,yb,11.5
2010,117,live,ems,B3,NA,215,rm,20.72
2010,117,live,ems,G2,NA,215,hem,15.3
2010,152,live,ems,B3,NA,215,rm,20.84
2010,152,live,ems,G2,NA,215,hem,15.43
2010,223,live,ems,B3,NA,215,rm,21.02
2010,223,live,ems,G2,NA,215,hem,15.33
2010,341,live,ems,B3,NA,215,rm,21.1
2010,341,live,ems,G2,NA,215,hem,15.33
2010,117,rcrt,ems,C2,NA,215,hem,11
2010,152,rcrt,ems,C2,NA,215,hem,11
2010,223,rcrt,ems,C2,NA,215,hem,11
2010,341,rcrt,ems,C2,NA,215,hem,11
2010,117,live,ems,B3,NA,216,rm,16.32
2010,117,live,ems,G2,NA,216,hem,19.78
2010,152,live,ems,B3,NA,216,rm,16.34
2010,152,live,ems,G2,NA,216,hem,19.81
2010,223,live,ems,B3,NA,216,rm,16.37
2010,223,live,ems,G2,NA,216,hem,19.88
2010,341,live,ems,B3,NA,216,rm,16.39
2010,341,live,ems,G2,NA,216,hem,19.91
2010,117,rcrt,ems,C5,NA,216,beech,10.4
2010,152,rcrt,ems,C5,NA,216,beech,10.4
2010,223,rcrt,ems,C5,NA,216,beech,10.4
2010,341,rcrt,ems,C5,NA,216,beech,10.4
2010,117,live,ems,C1,NA,217,hem,30.51
2010,117,live,ems,G2,NA,217,hem,40.97
2010,152,live,ems,C1,NA,217,hem,30.74
2010,152,live,ems,G2,NA,217,hem,40.28
2010,223,live,ems,C1,NA,217,hem,30.94
2010,223,live,ems,G2,NA,217,hem,40.5
2010,341,live,ems,C1,NA,217,hem,30.97
2010,341,live,ems,G2,NA,217,hem,40.55
2010,117,rcrt,ems,D1,NA,217,hem,10.1
2010,152,rcrt,ems,D1,NA,217,hem,10.1
2010,223,rcrt,ems,D1,NA,217,hem,10.1
2010,341,rcrt,ems,D1,NA,217,hem,10.1
2010,117,rcrt,ems,D3,NA,218,rm,10
2010,152,rcrt,ems,D3,NA,218,rm,10
2010,223,rcrt,ems,D3,NA,218,rm,10
2010,341,rcrt,ems,D3,NA,218,rm,10
2010,117,live,ems,G2,NA,219,hem,27.06
2010,152,live,ems,G2,NA,219,hem,27.12
2010,223,live,ems,G2,NA,219,hem,27.23
2010,341,live,ems,G2,NA,219,hem,27.25
2010,117,rcrt,ems,D4,NA,219,beech,11.5
2010,152,rcrt,ems,D4,NA,219,beech,11.5
2010,223,rcrt,ems,D4,NA,219,beech,11.5
2010,341,rcrt,ems,D4,NA,219,beech,11.5
2010,117,rcrt,ems,D5,NA,220,hem,10.1
2010,152,rcrt,ems,D5,NA,220,hem,10.1
2010,223,rcrt,ems,D5,NA,220,hem,10.1
2010,341,rcrt,ems,D5,NA,220,hem,10.1
2010,117,live,ems,B3,NA,221,rm,24.61
2010,117,live,ems,G2,NA,221,hem,18.36
2010,152,live,ems,B3,NA,221,rm,24.57
2010,152,live,ems,G2,NA,221,hem,18.36
2010,223,live,ems,B3,NA,221,rm,24.59
2010,223,live,ems,G2,NA,221,hem,18.37
2010,341,live,ems,B3,NA,221,rm,24.58
2010,341,live,ems,G2,NA,221,hem,18.37
2010,117,rcrt,ems,E1,NA,221,hem,10.6
2010,152,rcrt,ems,E1,NA,221,hem,10.6
2010,223,rcrt,ems,E1,NA,221,hem,10.6
2010,341,rcrt,ems,E1,NA,221,hem,10.6
2010,117,live,ems,B3,NA,222,rm,21.11
2010,117,live,ems,G2,NA,222,hem,14.85
2010,152,live,ems,B3,NA,222,rm,21.13
2010,152,live,ems,G2,NA,222,hem,14.86
2010,223,live,ems,B3,NA,222,rm,21.14
2010,223,live,ems,G2,NA,222,hem,14.89
2010,341,live,ems,B3,NA,222,rm,21.15
2010,341,live,ems,G2,NA,222,hem,14.87
2010,117,rcrt,ems,F1,NA,222,hem,10.3
2010,152,rcrt,ems,F1,NA,222,hem,10.3
2010,223,rcrt,ems,F1,NA,222,hem,10.3
2010,341,rcrt,ems,F1,NA,222,hem,10.3
2010,117,live,ems,B3,NA,223,ro,47.32
2010,152,live,ems,B3,NA,223,ro,47.96
2010,223,live,ems,B3,NA,223,ro,48.19
2010,341,live,ems,B3,NA,223,ro,48.25
2010,117,rcrt,ems,F2,NA,223,bb,10.1
2010,152,rcrt,ems,F2,NA,223,bb,10.1
2010,223,rcrt,ems,F2,NA,223,bb,10.1
2010,341,rcrt,ems,F2,NA,223,bb,10.1
2010,117,live,ems,G2,NA,224,hem,45.44
2010,152,live,ems,G2,NA,224,hem,45.9
2010,223,live,ems,G2,NA,224,hem,46.01
2010,341,live,ems,G2,NA,224,hem,46.03
2010,117,rcrt,ems,F3,NA,224,yb,10.2
2010,152,rcrt,ems,F3,NA,224,yb,10.2
2010,223,rcrt,ems,F3,NA,224,yb,10.2
2010,341,rcrt,ems,F3,NA,224,yb,10.2
2010,117,live,ems,B3,NA,225,rm,21.44
2010,117,live,ems,C1,NA,225,beech,11.7
2010,117,live,ems,G2,NA,225,hem,32.32
2010,152,live,ems,B3,NA,225,rm,21.44
2010,152,live,ems,C1,NA,225,beech,11.84
2010,152,live,ems,G2,NA,225,hem,32.37
2010,223,live,ems,B3,NA,225,rm,21.44
2010,223,live,ems,C1,NA,225,beech,12.1
2010,223,live,ems,G2,NA,225,hem,32.44
2010,341,live,ems,B3,NA,225,rm,21.44
2010,341,live,ems,C1,NA,225,beech,12.15
2010,341,live,ems,G2,NA,225,hem,32.46
2010,117,rcrt,ems,G5,NA,225,hem,10.1
2010,152,rcrt,ems,G5,NA,225,hem,10.1
2010,223,rcrt,ems,G5,NA,225,hem,10.1
2010,341,rcrt,ems,G5,NA,225,hem,10.1
2010,117,live,ems,B3,NA,226,ro,24.3
2010,117,live,ems,G2,NA,226,hem,25.22
2010,152,live,ems,B3,NA,226,ro,24.38
2010,152,live,ems,G2,NA,226,hem,25.31
2010,223,live,ems,B3,NA,226,ro,24.46
2010,223,live,ems,G2,NA,226,hem,25.4
2010,341,live,ems,B3,NA,226,ro,24.51
2010,341,live,ems,G2,NA,226,hem,25.43
2010,117,rcrt,ems,H1,NA,226,hem,10.1
2010,152,rcrt,ems,H1,NA,226,hem,10.1
2010,223,rcrt,ems,H1,NA,226,hem,10.1
2010,341,rcrt,ems,H1,NA,226,hem,10.1
2010,117,live,ems,B3,NA,227,rm,21.83
2010,152,live,ems,B3,NA,227,rm,21.85
2010,223,live,ems,B3,NA,227,rm,21.83
2010,341,live,ems,B3,NA,227,rm,21.9
2010,117,rcrt,ems,H1,NA,227,hem,10.3
2010,152,rcrt,ems,H1,NA,227,hem,10.3
2010,223,rcrt,ems,H1,NA,227,hem,10.3
2010,341,rcrt,ems,H1,NA,227,hem,10.3
2010,117,live,ems,B3,NA,228,bo,50.17
2010,117,live,ems,E3,NA,228,hem,11.63
2010,152,live,ems,B3,NA,228,bo,50.38
2010,152,live,ems,E3,NA,228,hem,11.88
2010,223,live,ems,B3,NA,228,bo,50.75
2010,223,live,ems,E3,NA,228,hem,12.15
2010,341,live,ems,B3,NA,228,bo,50.71
2010,341,live,ems,E3,NA,228,hem,12.24
2010,117,rcrt,ems,H1,NA,228,hem,10.2
2010,152,rcrt,ems,H1,NA,228,hem,10.2
2010,223,rcrt,ems,H1,NA,228,hem,10.2
2010,341,rcrt,ems,H1,NA,228,hem,10.2
2010,117,rcrt,ems,H1,NA,229,hem,10.5
2010,152,rcrt,ems,H1,NA,229,hem,10.5
2010,223,rcrt,ems,H1,NA,229,hem,10.5
2010,341,rcrt,ems,H1,NA,229,hem,10.5
2010,117,live,ems,B3,NA,231,ro,23.19
2010,117,live,ems,G5,NA,231,yb,11.3
2010,152,live,ems,B3,NA,231,ro,23.27
2010,152,live,ems,G5,NA,231,yb,11.3
2010,223,live,ems,B3,NA,231,ro,23.33
2010,223,live,ems,G5,NA,231,yb,11.32
2010,341,live,ems,B3,NA,231,ro,23.37
2010,341,live,ems,G5,NA,231,yb,11.34
2010,117,live,ems,B3,NA,232,ro,37.47
2010,152,live,ems,B3,NA,232,ro,36.98
2010,223,live,ems,B3,NA,232,ro,37.13
2010,341,live,ems,B3,NA,232,ro,37.14
2010,117,live,ems,F1,NA,235,hem,11.13
2010,152,live,ems,F1,NA,235,hem,11.25
2010,223,live,ems,F1,NA,235,hem,11.39
2010,341,live,ems,F1,NA,235,hem,11.38
2010,117,live,ems,F1,NA,236,hem,11.83
2010,152,live,ems,F1,NA,236,hem,12.04
2010,223,live,ems,F1,NA,236,hem,12.27
2010,341,live,ems,F1,NA,236,hem,12.32
2010,117,live,ems,B4,NA,251,bo,20.02
2010,152,live,ems,B4,NA,251,bo,20.07
2010,223,live,ems,B4,NA,251,bo,20.12
2010,341,live,ems,B4,NA,251,bo,20.14
2010,117,live,ems,B4,NA,253,rm,12.82
2010,152,live,ems,B4,NA,253,rm,12.89
2010,223,live,ems,B4,NA,253,rm,12.96
2010,341,live,ems,B4,NA,253,rm,13.03
2010,117,live,ems,B4,NA,255,rm,21.59
2010,152,live,ems,B4,NA,255,rm,21.71
2010,223,live,ems,B4,NA,255,rm,21.93
2010,341,live,ems,B4,NA,255,rm,22.02
2010,117,live,ems,B4,NA,256,rm,15.17
2010,117,live,ems,G4,NA,256,bb,20.13
2010,152,live,ems,B4,NA,256,rm,15.21
2010,152,live,ems,G4,NA,256,bb,20.28
2010,223,live,ems,B4,NA,256,rm,15.28
2010,223,live,ems,G4,NA,256,bb,20.38
2010,341,live,ems,B4,NA,256,rm,15.29
2010,341,live,ems,G4,NA,256,bb,20.8
2010,117,live,ems,B4,NA,257,rm,12.61
2010,117,live,ems,G4,NA,257,ro,36.25
2010,152,live,ems,B4,NA,257,rm,12.64
2010,152,live,ems,G4,NA,257,ro,36.35
2010,223,live,ems,B4,NA,257,rm,12.7
2010,223,live,ems,G4,NA,257,ro,36.38
2010,341,live,ems,B4,NA,257,rm,12.72
2010,341,live,ems,G4,NA,257,ro,36.54
2010,117,live,ems,B4,NA,258,rm,11.7
2010,117,live,ems,G4,NA,258,bb,20.4
2010,152,live,ems,B4,NA,258,rm,11.71
2010,152,live,ems,G4,NA,258,bb,20.4
2010,223,live,ems,B4,NA,258,rm,11.7
2010,223,live,ems,G4,NA,258,bb,20.4
2010,341,live,ems,B4,NA,258,rm,11.7
2010,341,live,ems,G4,NA,258,bb,20.41
2010,117,live,ems,B4,NA,260,rm,11.38
2010,117,live,ems,C5,NA,260,beech,11.55
2010,152,live,ems,B4,NA,260,rm,11.37
2010,152,live,ems,C5,NA,260,beech,11.73
2010,223,live,ems,B4,NA,260,rm,11.37
2010,223,live,ems,C5,NA,260,beech,12.07
2010,341,live,ems,B4,NA,260,rm,11.38
2010,341,live,ems,C5,NA,260,beech,12.13
2010,117,live,ems,B4,NA,261,rm,15.83
2010,117,live,ems,D5,NA,261,hem,10.59
2010,117,live,ems,G4,NA,261,rm,24.01
2010,152,live,ems,B4,NA,261,rm,15.85
2010,152,live,ems,D5,NA,261,hem,10.72
2010,152,live,ems,G4,NA,261,rm,24.13
2010,223,live,ems,B4,NA,261,rm,15.88
2010,223,live,ems,D5,NA,261,hem,10.85
2010,223,live,ems,G4,NA,261,rm,24.15
2010,341,live,ems,B4,NA,261,rm,15.9
2010,341,live,ems,D5,NA,261,hem,10.87
2010,341,live,ems,G4,NA,261,rm,24.21
2010,117,live,ems,B4,NA,262,ro,27.89
2010,117,live,ems,D4,NA,262,rm,11.99
2010,152,live,ems,B4,NA,262,ro,27.28
2010,152,live,ems,D4,NA,262,rm,12.18
2010,223,live,ems,B4,NA,262,ro,27.4
2010,223,live,ems,D4,NA,262,rm,12.45
2010,341,live,ems,B4,NA,262,ro,27.42
2010,341,live,ems,D4,NA,262,rm,12.6
2010,117,live,ems,A3,NA,263,bb,10.21
2010,117,live,ems,B4,NA,263,gb,17.46
2010,117,live,ems,G4,NA,263,rm,23.38
2010,152,live,ems,A3,NA,263,bb,10.21
2010,152,live,ems,B4,NA,263,gb,17.48
2010,152,live,ems,G4,NA,263,rm,23.41
2010,223,live,ems,A3,NA,263,bb,10.24
2010,223,live,ems,B4,NA,263,gb,17.51
2010,223,live,ems,G4,NA,263,rm,23.45
2010,341,live,ems,A3,NA,263,bb,10.24
2010,341,live,ems,B4,NA,263,gb,17.51
2010,341,live,ems,G4,NA,263,rm,23.66
2010,117,live,ems,B4,NA,264,rm,11.89
2010,117,live,ems,C3,NA,264,hem,11.69
2010,117,live,ems,G4,NA,264,rm,18.18
2010,152,live,ems,B4,NA,264,rm,12.01
2010,152,live,ems,C3,NA,264,hem,11.94
2010,152,live,ems,G4,NA,264,rm,18.17
2010,223,live,ems,B4,NA,264,rm,12.13
2010,223,live,ems,C3,NA,264,hem,12.13
2010,223,live,ems,G4,NA,264,rm,18.18
2010,341,live,ems,B4,NA,264,rm,12.19
2010,341,live,ems,C3,NA,264,hem,12.17
2010,341,live,ems,G4,NA,264,rm,18.22
2010,117,live,ems,B4,NA,265,gb,23.3
2010,117,live,ems,D3,NA,265,beech,12.04
2010,117,live,ems,G5,NA,265,hem,18.49
2010,152,live,ems,B4,NA,265,gb,23.33
2010,152,live,ems,D3,NA,265,beech,12.24
2010,152,live,ems,G5,NA,265,hem,18.56
2010,223,live,ems,B4,NA,265,gb,23.4
2010,223,live,ems,D3,NA,265,beech,12.59
2010,223,live,ems,G5,NA,265,hem,18.68
2010,341,live,ems,B4,NA,265,gb,23.45
2010,341,live,ems,D3,NA,265,beech,12.84
2010,341,live,ems,G5,NA,265,hem,18.95
2010,117,live,ems,D1,NA,266,wp,44.75
2010,117,live,ems,G5,NA,266,rm,16.28
2010,152,live,ems,D1,NA,266,wp,44.93
2010,152,live,ems,G5,NA,266,rm,16.33
2010,223,live,ems,D1,NA,266,wp,45.19
2010,223,live,ems,G5,NA,266,rm,16.48
2010,341,live,ems,D1,NA,266,wp,45.26
2010,341,live,ems,G5,NA,266,rm,16.54
2010,117,live,ems,G5,NA,267,hem,14.52
2010,152,live,ems,G5,NA,267,hem,14.63
2010,223,live,ems,G5,NA,267,hem,14.74
2010,341,live,ems,G5,NA,267,hem,14.85
2010,117,live,ems,G5,NA,268,ro,39.37
2010,152,live,ems,G5,NA,268,ro,39.41
2010,223,live,ems,G5,NA,268,ro,39.46
2010,341,live,ems,G5,NA,268,ro,39.48
2010,117,dead,ems,B4,NA,268,gb,22.56
2010,152,dead,ems,B4,NA,268,gb,22.56
2010,223,dead,ems,B4,NA,268,gb,22.66
2010,223,dead,ems,B4,NA,268,gb,22.66
2010,117,live,ems,B4,NA,269,gb,29
2010,117,live,ems,G5,NA,269,hem,25.54
2010,152,live,ems,B4,NA,269,gb,29.05
2010,152,live,ems,G5,NA,269,hem,25.74
2010,223,live,ems,B4,NA,269,gb,29.11
2010,223,live,ems,G5,NA,269,hem,25.85
2010,341,live,ems,B4,NA,269,gb,29.14
2010,341,live,ems,G5,NA,269,hem,25.88
2010,117,live,ems,B4,NA,271,rm,11.31
2010,117,live,ems,G5,NA,271,bb,30.04
2010,152,live,ems,B4,NA,271,rm,11.34
2010,152,live,ems,G5,NA,271,bb,30.12
2010,223,live,ems,B4,NA,271,rm,11.42
2010,223,live,ems,G5,NA,271,bb,30.27
2010,341,live,ems,B4,NA,271,rm,11.53
2010,341,live,ems,G5,NA,271,bb,30.33
2010,117,live,ems,B4,NA,272,rm,24.38
2010,117,live,ems,G5,NA,272,hem,16.52
2010,152,live,ems,B4,NA,272,rm,24.52
2010,152,live,ems,G5,NA,272,hem,16.64
2010,223,live,ems,B4,NA,272,rm,24.71
2010,223,live,ems,G5,NA,272,hem,16.72
2010,341,live,ems,B4,NA,272,rm,24.81
2010,341,live,ems,G5,NA,272,hem,16.81
2010,117,live,ems,B4,NA,273,rm,14.82
2010,117,live,ems,G5,NA,273,hem,23.54
2010,152,live,ems,B4,NA,273,rm,14.87
2010,152,live,ems,G5,NA,273,hem,22.29
2010,223,live,ems,B4,NA,273,rm,14.99
2010,223,live,ems,G5,NA,273,hem,22.39
2010,341,live,ems,B4,NA,273,rm,15.02
2010,341,live,ems,G5,NA,273,hem,22.42
2010,117,live,ems,G5,NA,275,rm,16.77
2010,152,live,ems,G5,NA,275,rm,16.78
2010,223,live,ems,G5,NA,275,rm,16.82
2010,341,live,ems,G5,NA,275,rm,16.86
2010,117,live,ems,B4,NA,276,rm,11.86
2010,117,live,ems,G5,NA,276,hem,21.57
2010,152,live,ems,B4,NA,276,rm,11.88
2010,152,live,ems,G5,NA,276,hem,21.82
2010,223,live,ems,B4,NA,276,rm,11.95
2010,223,live,ems,G5,NA,276,hem,22.05
2010,341,live,ems,B4,NA,276,rm,11.97
2010,341,live,ems,G5,NA,276,hem,22.12
2010,117,live,ems,B4,NA,277,ro,26.57
2010,117,live,ems,G5,NA,277,rm,22.91
2010,152,live,ems,B4,NA,277,ro,26.73
2010,152,live,ems,G5,NA,277,rm,22.91
2010,223,live,ems,B4,NA,277,ro,26.93
2010,223,live,ems,G5,NA,277,rm,22.91
2010,341,live,ems,B4,NA,277,ro,27.01
2010,341,live,ems,G5,NA,277,rm,22.92
2010,117,live,ems,B4,NA,278,rm,15.01
2010,117,live,ems,G5,NA,278,hem,14.87
2010,152,live,ems,B4,NA,278,rm,15
2010,152,live,ems,G5,NA,278,hem,14.87
2010,223,live,ems,B4,NA,278,rm,15.02
2010,223,live,ems,G5,NA,278,hem,14.87
2010,341,live,ems,B4,NA,278,rm,15.04
2010,341,live,ems,G5,NA,278,hem,14.89
2010,117,live,ems,B4,NA,279,rm,12.65
2010,117,live,ems,G5,NA,279,ro,41.14
2010,152,live,ems,B4,NA,279,rm,12.65
2010,152,live,ems,G5,NA,279,ro,40.63
2010,223,live,ems,B4,NA,279,rm,12.67
2010,223,live,ems,G5,NA,279,ro,40.76
2010,341,live,ems,B4,NA,279,rm,12.69
2010,341,live,ems,G5,NA,279,ro,40.79
2010,117,live,ems,B4,NA,280,ro,24.46
2010,152,live,ems,B4,NA,280,ro,24.53
2010,223,live,ems,B4,NA,280,ro,24.65
2010,341,live,ems,B4,NA,280,ro,24.71
2010,117,live,ems,G5,NA,282,rm,21.52
2010,152,live,ems,G5,NA,282,rm,21.53
2010,223,live,ems,G5,NA,282,rm,21.56
2010,341,live,ems,G5,NA,282,rm,21.59
2010,117,live,ems,G5,NA,283,rm,12.99
2010,152,live,ems,G5,NA,283,rm,12.99
2010,223,live,ems,G5,NA,283,rm,13.02
2010,341,live,ems,G5,NA,283,rm,13.04
2010,117,live,ems,G5,NA,284,rm,11.54
2010,152,live,ems,G5,NA,284,rm,11.54
2010,223,live,ems,G5,NA,284,rm,11.53
2010,341,live,ems,G5,NA,284,rm,11.54
2010,117,live,ems,G5,NA,285,wp,28.05
2010,152,live,ems,G5,NA,285,wp,28.15
2010,223,live,ems,G5,NA,285,wp,28.25
2010,341,live,ems,G5,NA,285,wp,28.34
2010,117,live,ems,G5,NA,286,hem,28.27
2010,152,live,ems,G5,NA,286,hem,28.41
2010,223,live,ems,G5,NA,286,hem,28.51
2010,341,live,ems,G5,NA,286,hem,28.53
2010,117,live,ems,G5,NA,287,rm,15.68
2010,152,live,ems,G5,NA,287,rm,15.69
2010,223,live,ems,G5,NA,287,rm,15.7
2010,341,live,ems,G5,NA,287,rm,15.73
2010,117,live,ems,D2,NA,288,hem,17.55
2010,152,live,ems,D2,NA,288,hem,18.23
2010,223,live,ems,D2,NA,288,hem,18.59
2010,341,live,ems,D2,NA,288,hem,18.62
2010,117,live,ems,G5,NA,289,hem,21.18
2010,152,live,ems,G5,NA,289,hem,21.27
2010,223,live,ems,G5,NA,289,hem,21.36
2010,341,live,ems,G5,NA,289,hem,21.41
2010,117,live,ems,C5,NA,290,beech,15.65
2010,117,live,ems,G5,NA,290,hem,14.55
2010,152,live,ems,C5,NA,290,beech,14.28
2010,152,live,ems,G5,NA,290,hem,14.78
2010,223,live,ems,C5,NA,290,beech,14.48
2010,223,live,ems,G5,NA,290,hem,14.98
2010,341,live,ems,C5,NA,290,beech,14.51
2010,341,live,ems,G5,NA,290,hem,15.11
2010,117,live,ems,C2,NA,291,rm,19.22
2010,117,live,ems,G5,NA,291,ro,47.69
2010,152,live,ems,C2,NA,291,rm,19.23
2010,152,live,ems,G5,NA,291,ro,47.76
2010,223,live,ems,C2,NA,291,rm,19.25
2010,223,live,ems,G5,NA,291,ro,47.84
2010,341,live,ems,C2,NA,291,rm,19.52
2010,341,live,ems,G5,NA,291,ro,47.88
2010,117,live,ems,G5,NA,292,rm,11
2010,152,live,ems,G5,NA,292,rm,11.01
2010,223,live,ems,G5,NA,292,rm,11
2010,341,live,ems,G5,NA,292,rm,11.01
2010,117,live,ems,G5,NA,293,hem,23.24
2010,152,live,ems,G5,NA,293,hem,23.44
2010,223,live,ems,G5,NA,293,hem,23.62
2010,341,live,ems,G5,NA,293,hem,23.73
2010,117,live,ems,G5,NA,294,rm,26.34
2010,152,live,ems,G5,NA,294,rm,26.36
2010,223,live,ems,G5,NA,294,rm,26.47
2010,341,live,ems,G5,NA,294,rm,26.51
2010,117,live,ems,G5,NA,295,ro,43.29
2010,152,live,ems,G5,NA,295,ro,43.38
2010,223,live,ems,G5,NA,295,ro,43.49
2010,341,live,ems,G5,NA,295,ro,43.54
2010,117,live,ems,F1,NA,297,hem,12.91
2010,152,live,ems,F1,NA,297,hem,13.08
2010,223,live,ems,F1,NA,297,hem,13.26
2010,341,live,ems,F1,NA,297,hem,13.28
2010,117,live,ems,H1,NA,302,ro,39.19
2010,152,live,ems,H1,NA,302,ro,39.31
2010,223,live,ems,H1,NA,302,ro,39.43
2010,341,live,ems,H1,NA,302,ro,39.48
2010,117,live,ems,H1,NA,303,wp,18.7
2010,152,live,ems,H1,NA,303,wp,18.72
2010,223,live,ems,H1,NA,303,wp,18.73
2010,341,live,ems,H1,NA,303,wp,18.75
2010,117,live,ems,H1,NA,304,beech,26.29
2010,152,live,ems,H1,NA,304,beech,26.38
2010,223,live,ems,H1,NA,304,beech,26.58
2010,341,live,ems,H1,NA,304,beech,26.6
2010,117,live,ems,H1,NA,305,ro,51.77
2010,152,live,ems,H1,NA,305,ro,52.42
2010,223,live,ems,H1,NA,305,ro,52.59
2010,341,live,ems,H1,NA,305,ro,52.62
2010,117,live,ems,H1,NA,306,rm,31.42
2010,152,live,ems,H1,NA,306,rm,31.42
2010,223,live,ems,H1,NA,306,rm,31.44
2010,341,live,ems,H1,NA,306,rm,31.46
2010,117,live,ems,H1,NA,308,rm,13.91
2010,152,live,ems,H1,NA,308,rm,13.91
2010,223,live,ems,H1,NA,308,rm,13.92
2010,341,live,ems,H1,NA,308,rm,13.94
2010,117,live,ems,H1,NA,309,ro,37.3
2010,152,live,ems,H1,NA,309,ro,37.12
2010,223,live,ems,H1,NA,309,ro,37.26
2010,341,live,ems,H1,NA,309,ro,37.28
2010,117,live,ems,H1,NA,310,wp,20.9
2010,152,live,ems,H1,NA,310,wp,20.92
2010,223,live,ems,H1,NA,310,wp,20.96
2010,341,live,ems,H1,NA,310,wp,20.97
2010,117,live,ems,H1,NA,311,rm,18.6
2010,152,live,ems,H1,NA,311,rm,18.62
2010,223,live,ems,H1,NA,311,rm,18.75
2010,341,live,ems,H1,NA,311,rm,18.78
2010,117,dead,ems,H1,NA,312,rm,12.24
2010,152,dead,ems,H1,NA,312,rm,12.24
2010,223,dead,ems,H1,NA,312,rm,12.24
2010,223,dead,ems,H1,NA,312,rm,12.24
2010,117,live,ems,H1,NA,313,wp,47.3
2010,152,live,ems,H1,NA,313,wp,47.4
2010,223,live,ems,H1,NA,313,wp,47.57
2010,341,live,ems,H1,NA,313,wp,47.63
2010,117,live,ems,H1,NA,314,hem,50.35
2010,152,live,ems,H1,NA,314,hem,50.49
2010,223,live,ems,H1,NA,314,hem,50.67
2010,341,live,ems,H1,NA,314,hem,50.73
2010,117,live,ems,H1,NA,315,wp,19.94
2010,152,live,ems,H1,NA,315,wp,19.93
2010,223,live,ems,H1,NA,315,wp,19.93
2010,341,live,ems,H1,NA,315,wp,19.98
2010,117,live,ems,H1,NA,316,wp,16.13
2010,152,live,ems,H1,NA,316,wp,16.13
2010,223,live,ems,H1,NA,316,wp,16.13
2010,341,live,ems,H1,NA,316,wp,16.13
2010,117,live,ems,H1,NA,317,rm,26.26
2010,152,live,ems,H1,NA,317,rm,26.44
2010,223,live,ems,H1,NA,317,rm,26.75
2010,341,live,ems,H1,NA,317,rm,26.88
2010,117,live,ems,H1,NA,318,rm,22.26
2010,152,live,ems,H1,NA,318,rm,22.34
2010,223,live,ems,H1,NA,318,rm,22.53
2010,341,live,ems,H1,NA,318,rm,22.58
2010,117,live,ems,H1,NA,319,hem,46.29
2010,152,live,ems,H1,NA,319,hem,46.39
2010,223,live,ems,H1,NA,319,hem,46.51
2010,341,live,ems,H1,NA,319,hem,46.55
2010,117,live,ems,H1,NA,320,wp,30.74
2010,152,live,ems,H1,NA,320,wp,30.85
2010,223,live,ems,H1,NA,320,wp,30.98
2010,341,live,ems,H1,NA,320,wp,31.05
2010,117,live,ems,H1,NA,321,rm,28.89
2010,152,live,ems,H1,NA,321,rm,28.12
2010,223,live,ems,H1,NA,321,rm,28.31
2010,341,live,ems,H1,NA,321,rm,28.34
2010,117,live,ems,H1,NA,322,rm,15.77
2010,152,live,ems,H1,NA,322,rm,15.77
2010,223,live,ems,H1,NA,322,rm,15.77
2010,341,live,ems,H1,NA,322,rm,15.78
2010,117,live,ems,H1,NA,323,rm,16.12
2010,152,live,ems,H1,NA,323,rm,16.13
2010,223,live,ems,H1,NA,323,rm,16.17
2010,341,live,ems,H1,NA,323,rm,16.19
2010,117,live,ems,H1,NA,326,rm,14.89
2010,152,live,ems,H1,NA,326,rm,14.89
2010,223,live,ems,H1,NA,326,rm,14.9
2010,341,live,ems,H1,NA,326,rm,14.92
2010,117,live,ems,H2,NA,327,hem,34.12
2010,152,live,ems,H2,NA,327,hem,34.23
2010,223,live,ems,H2,NA,327,hem,34.34
2010,341,live,ems,H2,NA,327,hem,34.36
2010,117,live,ems,H2,NA,329,rm,19.49
2010,152,live,ems,H2,NA,329,rm,19.52
2010,223,live,ems,H2,NA,329,rm,19.53
2010,341,live,ems,H2,NA,329,rm,19.55
2010,117,live,ems,H2,NA,330,hem,23.61
2010,152,live,ems,H2,NA,330,hem,23.63
2010,223,live,ems,H2,NA,330,hem,23.66
2010,341,live,ems,H2,NA,330,hem,23.67
2010,117,live,ems,H2,NA,331,hem,19.35
2010,152,live,ems,H2,NA,331,hem,19.39
2010,223,live,ems,H2,NA,331,hem,19.44
2010,341,live,ems,H2,NA,331,hem,19.44
2010,117,live,ems,H2,NA,332,beech,24.56
2010,152,live,ems,H2,NA,332,beech,24.58
2010,223,live,ems,H2,NA,332,beech,24.59
2010,341,live,ems,H2,NA,332,beech,24.6
2010,117,live,ems,H2,NA,333,ro,34.17
2010,152,live,ems,H2,NA,333,ro,34.28
2010,223,live,ems,H2,NA,333,ro,34.37
2010,341,live,ems,H2,NA,333,ro,34.4
2010,117,live,ems,H2,NA,334,hem,36.4
2010,152,live,ems,H2,NA,334,hem,36.55
2010,223,live,ems,H2,NA,334,hem,36.73
2010,341,live,ems,H2,NA,334,hem,36.8
2010,117,live,ems,H2,NA,336,ro,35.83
2010,152,live,ems,H2,NA,336,ro,35.98
2010,223,live,ems,H2,NA,336,ro,36.17
2010,341,live,ems,H2,NA,336,ro,36.24
2010,117,live,ems,H2,NA,338,hem,33.67
2010,152,live,ems,H2,NA,338,hem,33.73
2010,223,live,ems,H2,NA,338,hem,33.82
2010,341,live,ems,H2,NA,338,hem,33.84
2010,117,live,ems,H2,NA,339,hem,14.81
2010,152,live,ems,H2,NA,339,hem,14.83
2010,223,live,ems,H2,NA,339,hem,14.84
2010,341,live,ems,H2,NA,339,hem,14.83
2010,117,dead,ems,H2,NA,340,hem,12.4
2010,152,dead,ems,H2,NA,340,hem,12.42
2010,223,dead,ems,H2,NA,340,hem,12.43
2010,223,dead,ems,H2,NA,340,hem,12.43
2010,117,live,ems,H2,NA,341,hem,18.75
2010,152,live,ems,H2,NA,341,hem,18.76
2010,223,live,ems,H2,NA,341,hem,18.81
2010,341,live,ems,H2,NA,341,hem,18.82
2010,117,live,ems,H2,NA,342,hem,32.92
2010,152,live,ems,H2,NA,342,hem,33.09
2010,223,live,ems,H2,NA,342,hem,33.23
2010,341,live,ems,H2,NA,342,hem,33.28
2010,117,live,ems,H2,NA,343,yb,46.12
2010,152,live,ems,H2,NA,343,yb,46.17
2010,223,live,ems,H2,NA,343,yb,46.27
2010,341,live,ems,H2,NA,343,yb,46.32
2010,117,live,ems,H2,NA,344,ro,28.53
2010,152,live,ems,H2,NA,344,ro,28.6
2010,223,live,ems,H2,NA,344,ro,28.66
2010,341,live,ems,H2,NA,344,ro,28.7
2010,117,live,ems,H2,NA,345,hem,45.38
2010,152,live,ems,H2,NA,345,hem,45.48
2010,223,live,ems,H2,NA,345,hem,45.58
2010,341,live,ems,H2,NA,345,hem,45.61
2010,117,live,ems,H2,NA,346,rm,15.47
2010,152,live,ems,H2,NA,346,rm,15.51
2010,223,live,ems,H2,NA,346,rm,15.56
2010,341,live,ems,H2,NA,346,rm,15.58
2010,117,live,ems,H2,NA,347,hem,24.46
2010,152,live,ems,H2,NA,347,hem,24.47
2010,223,live,ems,H2,NA,347,hem,24.47
2010,341,live,ems,H2,NA,347,hem,24.48
2010,117,live,ems,H2,NA,348,rm,26.86
2010,152,live,ems,H2,NA,348,rm,26.9
2010,223,live,ems,H2,NA,348,rm,27.06
2010,341,live,ems,H2,NA,348,rm,27.09
2010,117,live,ems,H2,NA,349,hem,30.37
2010,152,live,ems,H2,NA,349,hem,30.41
2010,223,live,ems,H2,NA,349,hem,30.46
2010,341,live,ems,H2,NA,349,hem,30.46
2010,117,live,ems,H2,NA,350,rm,12.05
2010,152,live,ems,H2,NA,350,rm,12.08
2010,223,live,ems,H2,NA,350,rm,12.08
2010,341,live,ems,H2,NA,350,rm,12.1
2010,117,live,ems,C1,NA,351,hem,22.72
2010,117,live,ems,H2,NA,351,hem,29.31
2010,152,live,ems,C1,NA,351,hem,22.83
2010,152,live,ems,H2,NA,351,hem,29.36
2010,223,live,ems,C1,NA,351,hem,22.99
2010,223,live,ems,H2,NA,351,hem,29.45
2010,341,live,ems,C1,NA,351,hem,23.03
2010,341,live,ems,H2,NA,351,hem,29.47
2010,117,live,ems,C1,NA,352,ro,46.76
2010,117,live,ems,H2,NA,352,ro,24.98
2010,152,live,ems,C1,NA,352,ro,46.83
2010,152,live,ems,H2,NA,352,ro,25.05
2010,223,live,ems,C1,NA,352,ro,46.95
2010,223,live,ems,H2,NA,352,ro,25.11
2010,341,live,ems,C1,NA,352,ro,47.01
2010,341,live,ems,H2,NA,352,ro,25.14
2010,117,live,ems,C1,NA,353,ro,41.76
2010,117,live,ems,H2,NA,353,hem,39.25
2010,152,live,ems,C1,NA,353,ro,41.87
2010,152,live,ems,H2,NA,353,hem,38.61
2010,223,live,ems,C1,NA,353,ro,41.98
2010,223,live,ems,H2,NA,353,hem,38.75
2010,341,live,ems,C1,NA,353,ro,42.05
2010,341,live,ems,H2,NA,353,hem,38.8
2010,117,live,ems,C1,NA,354,rm,25.24
2010,117,live,ems,H2,NA,354,ro,63.15
2010,152,live,ems,C1,NA,354,rm,25.26
2010,152,live,ems,H2,NA,354,ro,63.28
2010,223,live,ems,C1,NA,354,rm,25.26
2010,223,live,ems,H2,NA,354,ro,63.49
2010,341,live,ems,C1,NA,354,rm,25.28
2010,341,live,ems,H2,NA,354,ro,63.53
2010,117,live,ems,C1,NA,355,yb,14.2
2010,152,live,ems,C1,NA,355,yb,14.39
2010,223,live,ems,C1,NA,355,yb,14.52
2010,341,live,ems,C1,NA,355,yb,14.62
2010,117,live,ems,C1,NA,356,ro,37.86
2010,117,live,ems,H2,NA,356,rm,14.11
2010,152,live,ems,C1,NA,356,ro,37.47
2010,152,live,ems,H2,NA,356,rm,14.12
2010,223,live,ems,C1,NA,356,ro,37.54
2010,223,live,ems,H2,NA,356,rm,14.12
2010,341,live,ems,C1,NA,356,ro,37.57
2010,341,live,ems,H2,NA,356,rm,14.16
2010,117,live,ems,C1,NA,359,wp,14.78
2010,152,live,ems,C1,NA,359,wp,14.77
2010,223,live,ems,C1,NA,359,wp,14.78
2010,341,live,ems,C1,NA,359,wp,14.76
2010,117,live,ems,C1,NA,360,yb,18.81
2010,152,live,ems,C1,NA,360,yb,18.89
2010,223,live,ems,C1,NA,360,yb,19.08
2010,341,live,ems,C1,NA,360,yb,19.17
2010,117,live,ems,C1,NA,361,ro,60.47
2010,152,live,ems,C1,NA,361,ro,60.6
2010,223,live,ems,C1,NA,361,ro,60.84
2010,341,live,ems,C1,NA,361,ro,60.89
2010,117,live,ems,C1,NA,362,ro,41.74
2010,152,live,ems,C1,NA,362,ro,41.82
2010,223,live,ems,C1,NA,362,ro,41.85
2010,341,live,ems,C1,NA,362,ro,41.88
2010,117,live,ems,C1,NA,363,ro,36.42
2010,152,live,ems,C1,NA,363,ro,36.56
2010,223,live,ems,C1,NA,363,ro,36.74
2010,341,live,ems,C1,NA,363,ro,36.82
2010,117,live,ems,C1,NA,366,ro,35.52
2010,152,live,ems,C1,NA,366,ro,35.59
2010,223,live,ems,C1,NA,366,ro,35.65
2010,341,live,ems,C1,NA,366,ro,35.69
2010,117,live,ems,C1,NA,367,ro,46.75
2010,152,live,ems,C1,NA,367,ro,46.87
2010,223,live,ems,C1,NA,367,ro,47.2
2010,341,live,ems,C1,NA,367,ro,47.27
2010,117,live,ems,C2,NA,376,rm,18.24
2010,152,live,ems,C2,NA,376,rm,18.24
2010,223,live,ems,C2,NA,376,rm,18.24
2010,341,live,ems,C2,NA,376,rm,18.24
2010,117,live,ems,C2,NA,377,rm,10.52
2010,152,live,ems,C2,NA,377,rm,10.54
2010,223,live,ems,C2,NA,377,rm,10.52
2010,341,live,ems,C2,NA,377,rm,10.53
2010,117,live,ems,C2,NA,378,ro,55.58
2010,152,live,ems,C2,NA,378,ro,55.92
2010,223,live,ems,C2,NA,378,ro,56
2010,341,live,ems,C2,NA,378,ro,56.05
2010,117,live,ems,C2,NA,379,rm,11.29
2010,152,live,ems,C2,NA,379,rm,11.29
2010,223,live,ems,C2,NA,379,rm,11.29
2010,341,live,ems,C2,NA,379,rm,11.31
2010,117,live,ems,C2,NA,380,rm,21.1
2010,152,live,ems,C2,NA,380,rm,21.24
2010,223,live,ems,C2,NA,380,rm,21.25
2010,341,live,ems,C2,NA,380,rm,21.32
2010,117,live,ems,C2,NA,381,rm,16.8
2010,152,live,ems,C2,NA,381,rm,16.8
2010,223,live,ems,C2,NA,381,rm,16.83
2010,341,live,ems,C2,NA,381,rm,16.83
2010,117,live,ems,C2,NA,382,rm,20.21
2010,152,live,ems,C2,NA,382,rm,20.21
2010,223,live,ems,C2,NA,382,rm,20.24
2010,341,live,ems,C2,NA,382,rm,20.26
2010,117,live,ems,H5,NA,383,hem,32.17
2010,152,live,ems,H5,NA,383,hem,32.28
2010,223,live,ems,H5,NA,383,hem,32.39
2010,341,live,ems,H5,NA,383,hem,32.44
2010,117,live,ems,H5,NA,384,rm,37.64
2010,152,live,ems,H5,NA,384,rm,37.64
2010,223,live,ems,H5,NA,384,rm,37.7
2010,341,live,ems,H5,NA,384,rm,37.76
2010,117,live,ems,C2,NA,385,rm,15.45
2010,117,live,ems,H5,NA,385,hem,30.86
2010,152,live,ems,C2,NA,385,rm,15.47
2010,152,live,ems,H5,NA,385,hem,31.06
2010,223,live,ems,C2,NA,385,rm,15.5
2010,223,live,ems,H5,NA,385,hem,31.25
2010,341,live,ems,C2,NA,385,rm,15.52
2010,341,live,ems,H5,NA,385,hem,31.34
2010,117,live,ems,C2,NA,386,ro,40.57
2010,152,live,ems,C2,NA,386,ro,40.68
2010,223,live,ems,C2,NA,386,ro,40.81
2010,341,live,ems,C2,NA,386,ro,40.86
2010,117,live,ems,C2,NA,388,beech,15.2
2010,117,live,ems,H5,NA,388,hem,41.66
2010,152,live,ems,C2,NA,388,beech,15.42
2010,152,live,ems,H5,NA,388,hem,41.81
2010,223,live,ems,C2,NA,388,beech,15.63
2010,223,live,ems,H5,NA,388,hem,41.98
2010,341,live,ems,C2,NA,388,beech,15.68
2010,341,live,ems,H5,NA,388,hem,42.04
2010,117,live,ems,H5,NA,389,rm,24.84
2010,152,live,ems,H5,NA,389,rm,24.84
2010,223,live,ems,H5,NA,389,rm,24.86
2010,341,live,ems,H5,NA,389,rm,24.68
2010,117,live,ems,C2,NA,390,ro,52.07
2010,152,live,ems,C2,NA,390,ro,51.98
2010,223,live,ems,C2,NA,390,ro,52.14
2010,341,live,ems,C2,NA,390,ro,52.18
2010,117,live,ems,C2,NA,391,ro,47.23
2010,152,live,ems,C2,NA,391,ro,47.65
2010,223,live,ems,C2,NA,391,ro,47.74
2010,341,live,ems,C2,NA,391,ro,47.8
2010,117,live,ems,C2,NA,392,ro,57.52
2010,117,live,ems,H5,NA,392,hem,16
2010,152,live,ems,C2,NA,392,ro,57.62
2010,152,live,ems,H5,NA,392,hem,16.01
2010,223,live,ems,C2,NA,392,ro,57.79
2010,223,live,ems,H5,NA,392,hem,16.03
2010,341,live,ems,C2,NA,392,ro,57.83
2010,341,live,ems,H5,NA,392,hem,16.03
2010,117,live,ems,H5,NA,393,yb,14.9
2010,152,live,ems,H5,NA,393,yb,14.9
2010,223,live,ems,H5,NA,393,yb,14.92
2010,341,live,ems,H5,NA,393,yb,14.93
2010,117,live,ems,H5,NA,394,hem,21.61
2010,152,live,ems,H5,NA,394,hem,21.67
2010,223,live,ems,H5,NA,394,hem,21.74
2010,341,live,ems,H5,NA,394,hem,21.77
2010,117,live,ems,H5,NA,395,wp,28.91
2010,152,live,ems,H5,NA,395,wp,28.91
2010,223,live,ems,H5,NA,395,wp,28.91
2010,341,live,ems,H5,NA,395,wp,28.89
2010,117,live,ems,H5,NA,396,ro,66.12
2010,152,live,ems,H5,NA,396,ro,67.41
2010,223,live,ems,H5,NA,396,ro,67.49
2010,341,live,ems,H5,NA,396,ro,67.54
2010,117,live,ems,H5,NA,397,beech,12.78
2010,152,live,ems,H5,NA,397,beech,12.8
2010,223,live,ems,H5,NA,397,beech,12.85
2010,341,live,ems,H5,NA,397,beech,12.87
2010,117,live,ems,H5,NA,398,bb,47.78
2010,152,live,ems,H5,NA,398,bb,47.77
2010,223,live,ems,H5,NA,398,bb,47.83
2010,341,live,ems,H5,NA,398,bb,47.85
2010,117,live,ems,H5,NA,399,hem,18.68
2010,152,live,ems,H5,NA,399,hem,18.84
2010,223,live,ems,H5,NA,399,hem,19.03
2010,341,live,ems,H5,NA,399,hem,19.11
2010,117,live,ems,H5,NA,400,hem,14.9
2010,152,live,ems,H5,NA,400,hem,15.1
2010,223,live,ems,H5,NA,400,hem,15.33
2010,341,live,ems,H5,NA,400,hem,15.43
2010,117,live,ems,H5,NA,401,rm,18.16
2010,152,live,ems,H5,NA,401,rm,18.16
2010,223,live,ems,H5,NA,401,rm,18.16
2010,341,live,ems,H5,NA,401,rm,18.16
2010,117,live,ems,C3,NA,402,rm,31.48
2010,117,live,ems,H5,NA,402,ro,29.44
2010,152,live,ems,C3,NA,402,rm,31.61
2010,152,live,ems,H5,NA,402,ro,29.54
2010,223,live,ems,C3,NA,402,rm,31.76
2010,223,live,ems,H5,NA,402,ro,29.69
2010,341,live,ems,C3,NA,402,rm,31.81
2010,341,live,ems,H5,NA,402,ro,29.78
2010,117,live,ems,C3,NA,403,rm,27.27
2010,117,live,ems,H5,NA,403,beech,22.81
2010,152,live,ems,C3,NA,403,rm,27.29
2010,152,live,ems,H5,NA,403,beech,22.85
2010,223,live,ems,C3,NA,403,rm,27.35
2010,223,live,ems,H5,NA,403,beech,23
2010,341,live,ems,C3,NA,403,rm,27.37
2010,341,live,ems,H5,NA,403,beech,23.03
2010,117,live,ems,H5,NA,404,hem,21.01
2010,152,live,ems,H5,NA,404,hem,21.11
2010,223,live,ems,H5,NA,404,hem,21.2
2010,341,live,ems,H5,NA,404,hem,21.29
2010,117,live,ems,C3,NA,405,yb,19.8
2010,117,live,ems,H5,NA,405,hem,39.18
2010,152,live,ems,C3,NA,405,yb,19.91
2010,152,live,ems,H5,NA,405,hem,39.32
2010,223,live,ems,C3,NA,405,yb,20.13
2010,223,live,ems,H5,NA,405,hem,39.43
2010,341,live,ems,C3,NA,405,yb,20.21
2010,341,live,ems,H5,NA,405,hem,39.49
2010,117,live,ems,C3,NA,406,ash,19.05
2010,152,live,ems,C3,NA,406,ash,18.57
2010,223,live,ems,C3,NA,406,ash,18.52
2010,341,live,ems,C3,NA,406,ash,18.48
2010,117,live,ems,C3,NA,409,cherry,24.37
2010,152,live,ems,C3,NA,409,cherry,24.37
2010,223,live,ems,C3,NA,409,cherry,24.37
2010,341,live,ems,C3,NA,409,cherry,24.38
2010,117,dead,ems,C3,NA,410,ash,18.27
2010,152,dead,ems,C3,NA,410,ash,18.27
2010,223,dead,ems,C3,NA,410,ash,18.26
2010,223,dead,ems,C3,NA,410,ash,18.22
2010,117,live,ems,C3,NA,411,rm,26.38
2010,152,live,ems,C3,NA,411,rm,26.52
2010,223,live,ems,C3,NA,411,rm,26.74
2010,341,live,ems,C3,NA,411,rm,26.81
2010,117,live,ems,C3,NA,412,rm,21.06
2010,152,live,ems,C3,NA,412,rm,21.1
2010,223,live,ems,C3,NA,412,rm,21.2
2010,341,live,ems,C3,NA,412,rm,21.23
2010,117,live,ems,C3,NA,413,rm,24.23
2010,152,live,ems,C3,NA,413,rm,24.27
2010,223,live,ems,C3,NA,413,rm,24.3
2010,341,live,ems,C3,NA,413,rm,24.33
2010,117,live,ems,C3,NA,414,yb,15.59
2010,152,live,ems,C3,NA,414,yb,15.73
2010,223,live,ems,C3,NA,414,yb,15.91
2010,341,live,ems,C3,NA,414,yb,16
2010,117,live,ems,C3,NA,415,rm,26.35
2010,152,live,ems,C3,NA,415,rm,26.39
2010,223,live,ems,C3,NA,415,rm,26.59
2010,341,live,ems,C3,NA,415,rm,26.69
2010,117,live,ems,C3,NA,416,rm,32.67
2010,152,live,ems,C3,NA,416,rm,32.05
2010,223,live,ems,C3,NA,416,rm,32.08
2010,341,live,ems,C3,NA,416,rm,32.09
2010,117,live,ems,C3,NA,417,rm,17.45
2010,152,live,ems,C3,NA,417,rm,17.45
2010,223,live,ems,C3,NA,417,rm,17.46
2010,341,live,ems,C3,NA,417,rm,17.48
2010,117,live,ems,C3,NA,418,ash,28.43
2010,152,live,ems,C3,NA,418,ash,28.48
2010,223,live,ems,C3,NA,418,ash,28.6
2010,341,live,ems,C3,NA,418,ash,28.62
2010,117,live,ems,C3,NA,419,yb,14.5
2010,152,live,ems,C3,NA,419,yb,14.54
2010,223,live,ems,C3,NA,419,yb,14.57
2010,341,live,ems,C3,NA,419,yb,14.59
2010,117,live,ems,C3,NA,421,ash,41.68
2010,152,live,ems,C3,NA,421,ash,41.79
2010,223,live,ems,C3,NA,421,ash,41.91
2010,341,live,ems,C3,NA,421,ash,41.91
2010,117,live,ems,C3,NA,423,rm,24.61
2010,152,live,ems,C3,NA,423,rm,24.61
2010,223,live,ems,C3,NA,423,rm,24.63
2010,341,live,ems,C3,NA,423,rm,24.63
2010,117,live,ems,C3,NA,424,yb,17.3
2010,152,live,ems,C3,NA,424,yb,17.3
2010,223,live,ems,C3,NA,424,yb,17.3
2010,341,live,ems,C3,NA,424,yb,17.3
2010,117,live,ems,C3,NA,425,ash,21.3
2010,152,live,ems,C3,NA,425,ash,21.28
2010,223,live,ems,C3,NA,425,ash,21.35
2010,341,live,ems,C3,NA,425,ash,21.35
2010,117,live,ems,C3,NA,426,ash,20.32
2010,152,live,ems,C3,NA,426,ash,20.32
2010,223,live,ems,C3,NA,426,ash,20.33
2010,341,live,ems,C3,NA,426,ash,20.35
2010,117,live,ems,C4,NA,453,ws,20.39
2010,152,live,ems,C4,NA,453,ws,20.39
2010,223,live,ems,C4,NA,453,ws,20.4
2010,341,live,ems,C4,NA,453,ws,20.41
2010,117,live,ems,C4,NA,456,rm,17.8
2010,152,live,ems,C4,NA,456,rm,17.81
2010,223,live,ems,C4,NA,456,rm,17.85
2010,341,live,ems,C4,NA,456,rm,17.88
2010,117,dead,ems,C4,NA,458,ro,23.22
2010,152,dead,ems,C4,NA,458,ro,23.21
2010,223,dead,ems,C4,NA,458,ro,23.22
2010,223,dead,ems,C4,NA,458,ro,23.26
2010,117,live,ems,C4,NA,459,ro,40.91
2010,152,live,ems,C4,NA,459,ro,40.96
2010,223,live,ems,C4,NA,459,ro,41.01
2010,341,live,ems,C4,NA,459,ro,41.04
2010,117,live,ems,C4,NA,462,bo,40.63
2010,152,live,ems,C4,NA,462,bo,40.86
2010,223,live,ems,C4,NA,462,bo,41.18
2010,341,live,ems,C4,NA,462,bo,41.28
2010,117,live,ems,C4,NA,465,rm,16.82
2010,152,live,ems,C4,NA,465,rm,16.85
2010,223,live,ems,C4,NA,465,rm,16.93
2010,341,live,ems,C4,NA,465,rm,16.97
2010,117,live,ems,C4,NA,466,ro,27.09
2010,152,live,ems,C4,NA,466,ro,27.16
2010,223,live,ems,C4,NA,466,ro,27.19
2010,341,live,ems,C4,NA,466,ro,27.22
2010,117,live,ems,C4,NA,467,ws,18.74
2010,152,live,ems,C4,NA,467,ws,18.74
2010,223,live,ems,C4,NA,467,ws,18.74
2010,341,live,ems,C4,NA,467,ws,18.74
2010,117,live,ems,C4,NA,468,ws,17.34
2010,152,live,ems,C4,NA,468,ws,17.34
2010,223,live,ems,C4,NA,468,ws,17.34
2010,341,live,ems,C4,NA,468,ws,17.34
2010,117,live,ems,C4,NA,469,ro,39.96
2010,152,live,ems,C4,NA,469,ro,40.1
2010,223,live,ems,C4,NA,469,ro,40.2
2010,341,live,ems,C4,NA,469,ro,40.26
2010,117,live,ems,C4,NA,472,ro,20.27
2010,152,live,ems,C4,NA,472,ro,20.27
2010,223,live,ems,C4,NA,472,ro,20.28
2010,341,live,ems,C4,NA,472,ro,20.3
2010,117,live,ems,C4,NA,474,ro,45.37
2010,152,live,ems,C4,NA,474,ro,45.57
2010,223,live,ems,C4,NA,474,ro,45.86
2010,341,live,ems,C4,NA,474,ro,45.89
2010,117,live,ems,C4,NA,478,ws,18.32
2010,152,live,ems,C4,NA,478,ws,18.31
2010,223,live,ems,C4,NA,478,ws,18.31
2010,341,live,ems,C4,NA,478,ws,18.31
2010,117,live,ems,C4,NA,481,ws,16.36
2010,152,live,ems,C4,NA,481,ws,16.37
2010,223,live,ems,C4,NA,481,ws,16.37
2010,341,live,ems,C4,NA,481,ws,16.37
2010,117,live,ems,C4,NA,484,beech,12.79
2010,152,live,ems,C4,NA,484,beech,12.93
2010,223,live,ems,C4,NA,484,beech,13.13
2010,341,live,ems,C4,NA,484,beech,13.21
2010,117,live,ems,C4,NA,485,beech,29.9
2010,152,live,ems,C4,NA,485,beech,29.32
2010,223,live,ems,C4,NA,485,beech,29.39
2010,341,live,ems,C4,NA,485,beech,29.41
2010,117,live,ems,C4,NA,487,rm,23.31
2010,152,live,ems,C4,NA,487,rm,23.31
2010,223,live,ems,C4,NA,487,rm,23.42
2010,341,live,ems,C4,NA,487,rm,23.44
2010,117,live,ems,C4,NA,489,rm,33.52
2010,152,live,ems,C4,NA,489,rm,33.58
2010,223,live,ems,C4,NA,489,rm,33.65
2010,341,live,ems,C4,NA,489,rm,33.67
2010,117,live,ems,C4,NA,491,rm,30.39
2010,152,live,ems,C4,NA,491,rm,30.47
2010,223,live,ems,C4,NA,491,rm,30.56
2010,341,live,ems,C4,NA,491,rm,30.62
2010,117,live,ems,C4,NA,492,ws,19.12
2010,152,live,ems,C4,NA,492,ws,19.14
2010,223,live,ems,C4,NA,492,ws,19.18
2010,341,live,ems,C4,NA,492,ws,19.18
2010,117,live,ems,C4,NA,493,ws,17.75
2010,152,live,ems,C4,NA,493,ws,17.74
2010,223,live,ems,C4,NA,493,ws,17.75
2010,341,live,ems,C4,NA,493,ws,17.75
2010,117,live,ems,C4,NA,494,rm,27.86
2010,152,live,ems,C4,NA,494,rm,26.93
2010,223,live,ems,C4,NA,494,rm,27.08
2010,341,live,ems,C4,NA,494,rm,27.11
2010,117,live,ems,C4,NA,496,ws,25.05
2010,152,live,ems,C4,NA,496,ws,25.06
2010,223,live,ems,C4,NA,496,ws,25.07
2010,341,live,ems,C4,NA,496,ws,25.03
2010,117,live,ems,C4,NA,498,rm,19.99
2010,152,live,ems,C4,NA,498,rm,20
2010,223,live,ems,C4,NA,498,rm,20
2010,341,live,ems,C4,NA,498,rm,20
2010,117,live,ems,C4,NA,499,ws,21.1
2010,152,live,ems,C4,NA,499,ws,21.1
2010,223,live,ems,C4,NA,499,ws,21.1
2010,341,live,ems,C4,NA,499,ws,21.13
2010,117,live,ems,C5,NA,501,bo,35.43
2010,152,live,ems,C5,NA,501,bo,35.58
2010,223,live,ems,C5,NA,501,bo,35.75
2010,341,live,ems,C5,NA,501,bo,35.8
2010,117,live,ems,C5,NA,502,rm,12.71
2010,152,live,ems,C5,NA,502,rm,12.71
2010,223,live,ems,C5,NA,502,rm,12.7
2010,341,live,ems,C5,NA,502,rm,12.72
2010,117,live,ems,C5,NA,503,gb,18.63
2010,152,live,ems,C5,NA,503,gb,18.72
2010,223,live,ems,C5,NA,503,gb,18.84
2010,341,live,ems,C5,NA,503,gb,18.92
2010,117,live,ems,C5,NA,504,ro,15.97
2010,152,live,ems,C5,NA,504,ro,16.04
2010,223,live,ems,C5,NA,504,ro,16.11
2010,341,live,ems,C5,NA,504,ro,16.16
2010,117,live,ems,C5,NA,505,rm,21.01
2010,152,live,ems,C5,NA,505,rm,21.09
2010,223,live,ems,C5,NA,505,rm,21.27
2010,341,live,ems,C5,NA,505,rm,21.32
2010,117,live,ems,C5,NA,508,rm,19.46
2010,152,live,ems,C5,NA,508,rm,19.49
2010,223,live,ems,C5,NA,508,rm,19.53
2010,341,live,ems,C5,NA,508,rm,19.55
2010,117,live,ems,C5,NA,509,rm,16.36
2010,152,live,ems,C5,NA,509,rm,16.42
2010,223,live,ems,C5,NA,509,rm,16.54
2010,341,live,ems,C5,NA,509,rm,16.57
2010,117,live,ems,C5,NA,512,rm,15.46
2010,152,live,ems,C5,NA,512,rm,15.5
2010,223,live,ems,C5,NA,512,rm,15.62
2010,341,live,ems,C5,NA,512,rm,15.64
2010,117,live,ems,C5,NA,513,ro,29.44
2010,152,live,ems,C5,NA,513,ro,28.81
2010,223,live,ems,C5,NA,513,ro,28.94
2010,341,live,ems,C5,NA,513,ro,28.97
2010,117,live,ems,C5,NA,514,rm,15.44
2010,152,live,ems,C5,NA,514,rm,14.61
2010,223,live,ems,C5,NA,514,rm,14.76
2010,341,live,ems,C5,NA,514,rm,14.78
2010,117,live,ems,C5,NA,515,ro,25.4
2010,152,live,ems,C5,NA,515,ro,24.39
2010,223,live,ems,C5,NA,515,ro,24.51
2010,341,live,ems,C5,NA,515,ro,24.54
2010,117,live,ems,C5,NA,518,yb,11.58
2010,152,live,ems,C5,NA,518,yb,11.59
2010,223,live,ems,C5,NA,518,yb,11.6
2010,341,live,ems,C5,NA,518,yb,11.61
2010,117,live,ems,C5,NA,519,ro,35.48
2010,152,live,ems,C5,NA,519,ro,35.63
2010,223,live,ems,C5,NA,519,ro,35.8
2010,341,live,ems,C5,NA,519,ro,35.85
2010,117,live,ems,D1,NA,526,rm,20.19
2010,152,live,ems,D1,NA,526,rm,20.2
2010,223,live,ems,D1,NA,526,rm,20.23
2010,341,live,ems,D1,NA,526,rm,20.26
2010,117,live,ems,D1,NA,527,rm,13.62
2010,152,live,ems,D1,NA,527,rm,13.63
2010,223,live,ems,D1,NA,527,rm,13.66
2010,341,live,ems,D1,NA,527,rm,13.68
2010,117,live,ems,D1,NA,529,rm,24.7
2010,152,live,ems,D1,NA,529,rm,24.79
2010,223,live,ems,D1,NA,529,rm,24.99
2010,341,live,ems,D1,NA,529,rm,25.09
2010,117,live,ems,D1,NA,530,bo,29.5
2010,152,live,ems,D1,NA,530,bo,29.6
2010,223,live,ems,D1,NA,530,bo,29.68
2010,341,live,ems,D1,NA,530,bo,29.73
2010,117,live,ems,D1,NA,531,bo,33.52
2010,152,live,ems,D1,NA,531,bo,33.96
2010,223,live,ems,D1,NA,531,bo,34.03
2010,341,live,ems,D1,NA,531,bo,34.07
2010,117,live,ems,D1,NA,532,ro,39.66
2010,152,live,ems,D1,NA,532,ro,39.8
2010,223,live,ems,D1,NA,532,ro,40.03
2010,341,live,ems,D1,NA,532,ro,40.07
2010,117,live,ems,F3,NA,535,hem,14.24
2010,152,live,ems,F3,NA,535,hem,14.48
2010,223,live,ems,F3,NA,535,hem,14.71
2010,341,live,ems,F3,NA,535,hem,14.81
2010,117,live,ems,H5,NA,536,hem,10.43
2010,152,live,ems,H5,NA,536,hem,10.44
2010,223,live,ems,H5,NA,536,hem,10.45
2010,341,live,ems,H5,NA,536,hem,10.45
2010,117,live,ems,B4,NA,537,rm,11.22
2010,117,live,ems,D1,NA,537,rm,11.38
2010,152,live,ems,B4,NA,537,rm,11.24
2010,152,live,ems,D1,NA,537,rm,11.48
2010,223,live,ems,B4,NA,537,rm,11.26
2010,223,live,ems,D1,NA,537,rm,11.67
2010,341,live,ems,B4,NA,537,rm,11.28
2010,341,live,ems,D1,NA,537,rm,11.77
2010,117,live,ems,D1,NA,538,ro,50.71
2010,152,live,ems,D1,NA,538,ro,50.81
2010,223,live,ems,D1,NA,538,ro,50.97
2010,341,live,ems,D1,NA,538,ro,51
2010,117,live,ems,D1,NA,539,rm,10.43
2010,152,live,ems,D1,NA,539,rm,10.43
2010,223,live,ems,D1,NA,539,rm,10.43
2010,341,live,ems,D1,NA,539,rm,10.42
2010,117,live,ems,D1,NA,540,rm,11.58
2010,152,live,ems,D1,NA,540,rm,11.59
2010,223,live,ems,D1,NA,540,rm,11.63
2010,341,live,ems,D1,NA,540,rm,11.65
2010,117,live,ems,D1,NA,541,rm,11.49
2010,152,live,ems,D1,NA,541,rm,11.5
2010,223,live,ems,D1,NA,541,rm,11.56
2010,341,live,ems,D1,NA,541,rm,11.59
2010,117,live,ems,D1,NA,542,rm,10.83
2010,152,live,ems,D1,NA,542,rm,10.83
2010,223,live,ems,D1,NA,542,rm,10.84
2010,341,live,ems,D1,NA,542,rm,10.86
2010,117,live,ems,D1,NA,543,ro,20.7
2010,152,live,ems,D1,NA,543,ro,20.72
2010,223,live,ems,D1,NA,543,ro,20.74
2010,341,live,ems,D1,NA,543,ro,20.75
2010,117,live,ems,D1,NA,544,ro,33.92
2010,152,live,ems,D1,NA,544,ro,33.65
2010,223,live,ems,D1,NA,544,ro,33.75
2010,341,live,ems,D1,NA,544,ro,33.81
2010,117,live,ems,D1,NA,545,rm,14.07
2010,152,live,ems,D1,NA,545,rm,14.1
2010,223,live,ems,D1,NA,545,rm,14.18
2010,341,live,ems,D1,NA,545,rm,14.22
2010,117,live,ems,D1,NA,546,ro,48.84
2010,152,live,ems,D1,NA,546,ro,50.74
2010,223,live,ems,D1,NA,546,ro,50.9
2010,341,live,ems,D1,NA,546,ro,50.95
2010,117,live,ems,D1,NA,548,wp,20.32
2010,152,live,ems,D1,NA,548,wp,20.37
2010,223,live,ems,D1,NA,548,wp,20.45
2010,341,live,ems,D1,NA,548,wp,20.49
2010,117,live,ems,D1,NA,549,rm,12.44
2010,152,live,ems,D1,NA,549,rm,12.48
2010,223,live,ems,D1,NA,549,rm,12.6
2010,341,live,ems,D1,NA,549,rm,12.64
2010,117,live,ems,D1,NA,551,wp,23.15
2010,152,live,ems,D1,NA,551,wp,23.2
2010,223,live,ems,D1,NA,551,wp,23.25
2010,341,live,ems,D1,NA,551,wp,23.29
2010,117,live,ems,D1,NA,552,rm,12.5
2010,152,live,ems,D1,NA,552,rm,12.52
2010,223,live,ems,D1,NA,552,rm,12.62
2010,341,live,ems,D1,NA,552,rm,12.65
2010,117,live,ems,C4,NA,570,beech,10.84
2010,152,live,ems,C4,NA,570,beech,10.9
2010,223,live,ems,C4,NA,570,beech,10.99
2010,341,live,ems,C4,NA,570,beech,11.03
2010,117,live,ems,D2,NA,576,rm,18.35
2010,152,live,ems,D2,NA,576,rm,18.38
2010,223,live,ems,D2,NA,576,rm,18.48
2010,341,live,ems,D2,NA,576,rm,18.51
2010,117,live,ems,D2,NA,579,yb,11.73
2010,152,live,ems,D2,NA,579,yb,11.79
2010,223,live,ems,D2,NA,579,yb,11.85
2010,341,live,ems,D2,NA,579,yb,11.9
2010,117,live,ems,D2,NA,580,rm,29.24
2010,152,live,ems,D2,NA,580,rm,29.31
2010,223,live,ems,D2,NA,580,rm,29.43
2010,341,live,ems,D2,NA,580,rm,29.45
2010,117,live,ems,D2,NA,582,rm,16.14
2010,152,live,ems,D2,NA,582,rm,16.15
2010,223,live,ems,D2,NA,582,rm,16.19
2010,341,live,ems,D2,NA,582,rm,16.21
2010,117,live,ems,D2,NA,583,rm,21.94
2010,152,live,ems,D2,NA,583,rm,21.96
2010,223,live,ems,D2,NA,583,rm,21.96
2010,341,live,ems,D2,NA,583,rm,22
2010,117,live,ems,D2,NA,587,ro,45.73
2010,152,live,ems,D2,NA,587,ro,45.99
2010,223,live,ems,D2,NA,587,ro,46.46
2010,341,live,ems,D2,NA,587,ro,46.56
2010,117,live,ems,D2,NA,588,ro,40.99
2010,152,live,ems,D2,NA,588,ro,41.19
2010,223,live,ems,D2,NA,588,ro,41.59
2010,341,live,ems,D2,NA,588,ro,41.65
2010,117,live,ems,D2,NA,589,ash,20.5
2010,117,live,ems,G5,NA,589,hem,12.97
2010,152,live,ems,D2,NA,589,ash,20.52
2010,152,live,ems,G5,NA,589,hem,13.02
2010,223,live,ems,D2,NA,589,ash,20.55
2010,223,live,ems,G5,NA,589,hem,13.08
2010,341,live,ems,D2,NA,589,ash,20.52
2010,341,live,ems,G5,NA,589,hem,13.15
2010,117,live,ems,D2,NA,590,rm,26.7
2010,152,live,ems,D2,NA,590,rm,26.72
2010,223,live,ems,D2,NA,590,rm,26.77
2010,341,live,ems,D2,NA,590,rm,26.76
2010,117,live,ems,D2,NA,592,rm,15.22
2010,152,live,ems,D2,NA,592,rm,15.26
2010,223,live,ems,D2,NA,592,rm,15.3
2010,341,live,ems,D2,NA,592,rm,15.31
2010,117,live,ems,D2,NA,594,cherry,28.86
2010,152,live,ems,D2,NA,594,cherry,28.88
2010,223,live,ems,D2,NA,594,cherry,28.94
2010,341,live,ems,D2,NA,594,cherry,28.96
2010,117,live,ems,G5,NA,597,bb,12.36
2010,152,live,ems,G5,NA,597,bb,12.51
2010,223,live,ems,G5,NA,597,bb,12.75
2010,341,live,ems,G5,NA,597,bb,12.88
2010,117,live,ems,D3,NA,604,rm,22.63
2010,152,live,ems,D3,NA,604,rm,22.75
2010,223,live,ems,D3,NA,604,rm,22.96
2010,341,live,ems,D3,NA,604,rm,23.07
2010,117,live,ems,D3,NA,605,rm,32.98
2010,152,live,ems,D3,NA,605,rm,32.98
2010,223,live,ems,D3,NA,605,rm,33.08
2010,341,live,ems,D3,NA,605,rm,33.16
2010,117,live,ems,D3,NA,606,rm,55.14
2010,152,live,ems,D3,NA,606,rm,55.19
2010,223,live,ems,D3,NA,606,rm,55.35
2010,341,live,ems,D3,NA,606,rm,55.45
2010,117,live,ems,D3,NA,607,rm,13.48
2010,152,live,ems,D3,NA,607,rm,13.48
2010,223,live,ems,D3,NA,607,rm,13.48
2010,341,live,ems,D3,NA,607,rm,13.48
2010,117,live,ems,D3,NA,608,rm,33.95
2010,152,live,ems,D3,NA,608,rm,34.01
2010,223,live,ems,D3,NA,608,rm,34.14
2010,341,live,ems,D3,NA,608,rm,34.21
2010,117,live,ems,D3,NA,609,rm,32.26
2010,152,live,ems,D3,NA,609,rm,32.36
2010,223,live,ems,D3,NA,609,rm,32.47
2010,341,live,ems,D3,NA,609,rm,32.51
2010,117,live,ems,D3,NA,611,rm,21.75
2010,152,live,ems,D3,NA,611,rm,20.28
2010,223,live,ems,D3,NA,611,rm,20.47
2010,341,live,ems,D3,NA,611,rm,20.49
2010,117,live,ems,D3,NA,612,rm,21.97
2010,152,live,ems,D3,NA,612,rm,21.98
2010,223,live,ems,D3,NA,612,rm,22
2010,341,live,ems,D3,NA,612,rm,22.02
2010,117,live,ems,D3,NA,613,ro,70.11
2010,152,live,ems,D3,NA,613,ro,70.38
2010,223,live,ems,D3,NA,613,ro,71.02
2010,341,live,ems,D3,NA,613,ro,70.96
2010,117,live,ems,D3,NA,615,ro,24.3
2010,152,live,ems,D3,NA,615,ro,22.84
2010,223,live,ems,D3,NA,615,ro,22.91
2010,341,live,ems,D3,NA,615,ro,22.93
2010,117,live,ems,D3,NA,618,rm,29.05
2010,152,live,ems,D3,NA,618,rm,29.18
2010,223,live,ems,D3,NA,618,rm,29.35
2010,341,live,ems,D3,NA,618,rm,29.4
2010,117,live,ems,D3,NA,619,rm,14.15
2010,152,live,ems,D3,NA,619,rm,14.19
2010,223,live,ems,D3,NA,619,rm,14.25
2010,341,live,ems,D3,NA,619,rm,14.27
2010,117,live,ems,D4,NA,626,rm,38.32
2010,152,live,ems,D4,NA,626,rm,38.37
2010,223,live,ems,D4,NA,626,rm,38.47
2010,341,live,ems,D4,NA,626,rm,38.51
2010,117,live,ems,D4,NA,627,cherry,37.91
2010,152,live,ems,D4,NA,627,cherry,37.92
2010,223,live,ems,D4,NA,627,cherry,37.97
2010,341,live,ems,D4,NA,627,cherry,38
2010,117,live,ems,D4,NA,628,cherry,26.76
2010,152,live,ems,D4,NA,628,cherry,26.77
2010,223,live,ems,D4,NA,628,cherry,26.78
2010,341,live,ems,D4,NA,628,cherry,26.79
2010,117,live,ems,D4,NA,629,cherry,33.92
2010,152,live,ems,D4,NA,629,cherry,33.92
2010,223,live,ems,D4,NA,629,cherry,33.92
2010,341,live,ems,D4,NA,629,cherry,33.94
2010,117,live,ems,D4,NA,631,ash,41.06
2010,152,live,ems,D4,NA,631,ash,41.47
2010,223,live,ems,D4,NA,631,ash,41.55
2010,341,live,ems,D4,NA,631,ash,41.56
2010,117,live,ems,D4,NA,633,rm,21.43
2010,152,live,ems,D4,NA,633,rm,20.1
2010,223,live,ems,D4,NA,633,rm,20.62
2010,341,live,ems,D4,NA,633,rm,20.66
2010,117,live,ems,D4,NA,637,ash,41.2
2010,152,live,ems,D4,NA,637,ash,41.26
2010,223,live,ems,D4,NA,637,ash,41.31
2010,341,live,ems,D4,NA,637,ash,41.35
2010,117,live,ems,D4,NA,638,ash,40.28
2010,152,live,ems,D4,NA,638,ash,40.3
2010,223,live,ems,D4,NA,638,ash,40.41
2010,341,live,ems,D4,NA,638,ash,40.51
2010,117,live,ems,D4,NA,639,bo,27.27
2010,152,live,ems,D4,NA,639,bo,26.01
2010,223,live,ems,D4,NA,639,bo,26.58
2010,341,live,ems,D4,NA,639,bo,26.6
2010,117,live,ems,D4,NA,640,rm,27.79
2010,152,live,ems,D4,NA,640,rm,26.98
2010,223,live,ems,D4,NA,640,rm,27.18
2010,341,live,ems,D4,NA,640,rm,27.19
2010,117,dead,ems,D4,NA,641,ash,39.24
2010,152,dead,ems,D4,NA,641,ash,39.29
2010,223,dead,ems,D4,NA,641,ash,39.27
2010,223,dead,ems,D4,NA,641,ash,39.35
2010,117,live,ems,D4,NA,643,cherry,44.58
2010,152,live,ems,D4,NA,643,cherry,44.61
2010,223,live,ems,D4,NA,643,cherry,44.76
2010,341,live,ems,D4,NA,643,cherry,44.83
2010,117,live,ems,D5,NA,652,rm,33.13
2010,152,live,ems,D5,NA,652,rm,33.17
2010,223,live,ems,D5,NA,652,rm,33.2
2010,341,live,ems,D5,NA,652,rm,33.24
2010,117,live,ems,D5,NA,654,ro,16.97
2010,152,live,ems,D5,NA,654,ro,17.08
2010,223,live,ems,D5,NA,654,ro,17.17
2010,341,live,ems,D5,NA,654,ro,17.24
2010,117,live,ems,D5,NA,658,rm,29.32
2010,152,live,ems,D5,NA,658,rm,29.45
2010,223,live,ems,D5,NA,658,rm,29.69
2010,341,live,ems,D5,NA,658,rm,29.77
2010,117,dead,ems,D5,NA,659,rm,17.91
2010,152,dead,ems,D5,NA,659,rm,17.89
2010,223,dead,ems,D5,NA,659,rm,17.87
2010,223,dead,ems,D5,NA,659,rm,17.87
2010,117,live,ems,D5,NA,661,rm,12.36
2010,152,live,ems,D5,NA,661,rm,12.36
2010,223,live,ems,D5,NA,661,rm,12.37
2010,341,live,ems,D5,NA,661,rm,12.37
2010,117,live,ems,D5,NA,664,bo,13.34
2010,152,live,ems,D5,NA,664,bo,13.13
2010,223,live,ems,D5,NA,664,bo,13.19
2010,341,live,ems,D5,NA,664,bo,13.17
2010,117,live,ems,D5,NA,665,rm,18.77
2010,152,live,ems,D5,NA,665,rm,18.77
2010,223,live,ems,D5,NA,665,rm,18.78
2010,341,live,ems,D5,NA,665,rm,18.79
2010,117,live,ems,D5,NA,666,rm,24.94
2010,152,live,ems,D5,NA,666,rm,24.95
2010,223,live,ems,D5,NA,666,rm,24.96
2010,341,live,ems,D5,NA,666,rm,24.96
2010,117,live,ems,D5,NA,667,rm,17.45
2010,152,live,ems,D5,NA,667,rm,17.56
2010,223,live,ems,D5,NA,667,rm,17.67
2010,341,live,ems,D5,NA,667,rm,17.73
2010,117,live,ems,D5,NA,669,rm,11.5
2010,152,live,ems,D5,NA,669,rm,11.57
2010,223,live,ems,D5,NA,669,rm,11.71
2010,341,live,ems,D5,NA,669,rm,11.75
2010,117,live,ems,D5,NA,670,wb,35.35
2010,152,live,ems,D5,NA,670,wb,35.44
2010,223,live,ems,D5,NA,670,wb,35.55
2010,341,live,ems,D5,NA,670,wb,35.57
2010,117,live,ems,D5,NA,671,rm,22.8
2010,152,live,ems,D5,NA,671,rm,22.8
2010,223,live,ems,D5,NA,671,rm,22.83
2010,341,live,ems,D5,NA,671,rm,22.86
2010,117,live,ems,E1,NA,676,ro,49.18
2010,152,live,ems,E1,NA,676,ro,49.25
2010,223,live,ems,E1,NA,676,ro,49.31
2010,341,live,ems,E1,NA,676,ro,49.33
2010,117,live,ems,E1,NA,677,hem,28.83
2010,152,live,ems,E1,NA,677,hem,28.96
2010,223,live,ems,E1,NA,677,hem,29.09
2010,341,live,ems,E1,NA,677,hem,29.1
2010,117,live,ems,E1,NA,678,hem,17.21
2010,152,live,ems,E1,NA,678,hem,17.32
2010,223,live,ems,E1,NA,678,hem,17.46
2010,341,live,ems,E1,NA,678,hem,17.5
2010,117,live,ems,E1,NA,679,rm,45.65
2010,152,live,ems,E1,NA,679,rm,45.69
2010,223,live,ems,E1,NA,679,rm,45.83
2010,341,live,ems,E1,NA,679,rm,45.9
2010,117,live,ems,E1,NA,680,yb,17.2
2010,152,live,ems,E1,NA,680,yb,17.22
2010,223,live,ems,E1,NA,680,yb,17.25
2010,341,live,ems,E1,NA,680,yb,17.26
2010,117,live,ems,E1,NA,681,yb,18.29
2010,152,live,ems,E1,NA,681,yb,18.3
2010,223,live,ems,E1,NA,681,yb,18.31
2010,341,live,ems,E1,NA,681,yb,18.31
2010,117,live,ems,E1,NA,682,yb,19.35
2010,152,live,ems,E1,NA,682,yb,19.37
2010,223,live,ems,E1,NA,682,yb,19.42
2010,341,live,ems,E1,NA,682,yb,19.43
2010,117,live,ems,E1,NA,683,rm,38.77
2010,152,live,ems,E1,NA,683,rm,38.77
2010,223,live,ems,E1,NA,683,rm,38.86
2010,341,live,ems,E1,NA,683,rm,38.89
2010,117,live,ems,E1,NA,684,yb,31.75
2010,152,live,ems,E1,NA,684,yb,31.8
2010,223,live,ems,E1,NA,684,yb,31.9
2010,341,live,ems,E1,NA,684,yb,31.92
2010,117,live,ems,E1,NA,686,rm,42.99
2010,152,live,ems,E1,NA,686,rm,43.02
2010,223,live,ems,E1,NA,686,rm,43.52
2010,341,live,ems,E1,NA,686,rm,43.71
2010,117,live,ems,E2,NA,701,rm,17.23
2010,152,live,ems,E2,NA,701,rm,17.23
2010,223,live,ems,E2,NA,701,rm,17.27
2010,341,live,ems,E2,NA,701,rm,17.31
2010,117,live,ems,E2,NA,702,rp,42.46
2010,152,live,ems,E2,NA,702,rp,42
2010,223,live,ems,E2,NA,702,rp,42.14
2010,341,live,ems,E2,NA,702,rp,42.21
2010,117,live,ems,E2,NA,703,ro,40.24
2010,152,live,ems,E2,NA,703,ro,39.53
2010,223,live,ems,E2,NA,703,ro,39.72
2010,341,live,ems,E2,NA,703,ro,39.76
2010,117,live,ems,E2,NA,704,rp,25.92
2010,152,live,ems,E2,NA,704,rp,25.93
2010,223,live,ems,E2,NA,704,rp,25.94
2010,341,live,ems,E2,NA,704,rp,25.96
2010,117,live,ems,E2,NA,705,ro,33.37
2010,152,live,ems,E2,NA,705,ro,33.51
2010,223,live,ems,E2,NA,705,ro,33.77
2010,341,live,ems,E2,NA,705,ro,33.82
2010,117,live,ems,E2,NA,708,rp,27.16
2010,152,live,ems,E2,NA,708,rp,27.16
2010,223,live,ems,E2,NA,708,rp,27.18
2010,341,live,ems,E2,NA,708,rp,27.21
2010,117,live,ems,E2,NA,710,ro,37.27
2010,152,live,ems,E2,NA,710,ro,37.46
2010,223,live,ems,E2,NA,710,ro,37.71
2010,341,live,ems,E2,NA,710,ro,37.77
2010,117,live,ems,E2,NA,711,ro,21.91
2010,152,live,ems,E2,NA,711,ro,21.93
2010,223,live,ems,E2,NA,711,ro,21.94
2010,341,live,ems,E2,NA,711,ro,21.95
2010,117,live,ems,E2,NA,712,rm,18.09
2010,152,live,ems,E2,NA,712,rm,18.1
2010,223,live,ems,E2,NA,712,rm,18.13
2010,341,live,ems,E2,NA,712,rm,18.17
2010,117,live,ems,E2,NA,713,rm,27.5
2010,152,live,ems,E2,NA,713,rm,27.52
2010,223,live,ems,E2,NA,713,rm,27.6
2010,341,live,ems,E2,NA,713,rm,27.64
2010,117,live,ems,E2,NA,714,rp,38.68
2010,152,live,ems,E2,NA,714,rp,38.81
2010,223,live,ems,E2,NA,714,rp,38.91
2010,341,live,ems,E2,NA,714,rp,38.95
2010,117,live,ems,E2,NA,716,rp,33.98
2010,152,live,ems,E2,NA,716,rp,34.16
2010,223,live,ems,E2,NA,716,rp,34.26
2010,341,live,ems,E2,NA,716,rp,34.31
2010,117,live,ems,E2,NA,717,rp,37.17
2010,152,live,ems,E2,NA,717,rp,37.23
2010,223,live,ems,E2,NA,717,rp,37.27
2010,341,live,ems,E2,NA,717,rp,37.3
2010,117,live,ems,E2,NA,718,rp,33.44
2010,152,live,ems,E2,NA,718,rp,33.5
2010,223,live,ems,E2,NA,718,rp,33.58
2010,341,live,ems,E2,NA,718,rp,33.62
2010,117,live,ems,E2,NA,719,rm,20.22
2010,152,live,ems,E2,NA,719,rm,20.23
2010,223,live,ems,E2,NA,719,rm,20.31
2010,341,live,ems,E2,NA,719,rm,20.34
2010,117,live,ems,E2,NA,720,rm,13.76
2010,152,live,ems,E2,NA,720,rm,13.86
2010,223,live,ems,E2,NA,720,rm,14.1
2010,341,live,ems,E2,NA,720,rm,14.17
2010,117,live,ems,E3,NA,723,hem,11.84
2010,152,live,ems,E3,NA,723,hem,12
2010,223,live,ems,E3,NA,723,hem,12.12
2010,341,live,ems,E3,NA,723,hem,12.15
2010,117,live,ems,C5,NA,724,beech,13.82
2010,152,live,ems,C5,NA,724,beech,13.16
2010,223,live,ems,C5,NA,724,beech,13.47
2010,341,live,ems,C5,NA,724,beech,13.49
2010,117,dead,ems,B4,NA,725,rm,10.68
2010,152,dead,ems,B4,NA,725,rm,10.68
2010,223,dead,ems,B4,NA,725,rm,10.68
2010,223,dead,ems,B4,NA,725,rm,10.68
2010,117,live,ems,B4,NA,726,ro,38.57
2010,117,live,ems,E2,NA,726,rp,34.63
2010,152,live,ems,B4,NA,726,ro,38.77
2010,152,live,ems,E2,NA,726,rp,34.76
2010,223,live,ems,B4,NA,726,ro,38.98
2010,223,live,ems,E2,NA,726,rp,34.87
2010,341,live,ems,B4,NA,726,ro,39.05
2010,341,live,ems,E2,NA,726,rp,34.93
2010,117,live,ems,E1,NA,727,yb,13.3
2010,117,live,ems,E2,NA,727,rp,35.86
2010,152,live,ems,E1,NA,727,yb,13.38
2010,152,live,ems,E2,NA,727,rp,35.92
2010,223,live,ems,E1,NA,727,yb,13.48
2010,223,live,ems,E2,NA,727,rp,35.97
2010,341,live,ems,E1,NA,727,yb,13.57
2010,341,live,ems,E2,NA,727,rp,36
2010,117,live,ems,E2,NA,728,rp,23.63
2010,117,live,ems,G1,NA,728,rm,11.51
2010,152,live,ems,E2,NA,728,rp,23.65
2010,152,live,ems,G1,NA,728,rm,11.52
2010,223,live,ems,E2,NA,728,rp,23.69
2010,223,live,ems,G1,NA,728,rm,11.65
2010,341,live,ems,E2,NA,728,rp,23.68
2010,341,live,ems,G1,NA,728,rm,11.68
2010,117,live,ems,C3,NA,729,yb,20.51
2010,117,live,ems,E2,NA,729,rp,39.86
2010,152,live,ems,C3,NA,729,yb,20.71
2010,152,live,ems,E2,NA,729,rp,39.94
2010,223,live,ems,C3,NA,729,yb,20.94
2010,223,live,ems,E2,NA,729,rp,40.03
2010,341,live,ems,C3,NA,729,yb,21.08
2010,341,live,ems,E2,NA,729,rp,40.06
2010,117,live,ems,D4,NA,730,sm,12.51
2010,152,live,ems,D4,NA,730,sm,12.52
2010,223,live,ems,D4,NA,730,sm,12.53
2010,341,live,ems,D4,NA,730,sm,12.55
2010,117,live,ems,D4,NA,731,sm,12.59
2010,117,live,ems,E2,NA,731,rp,27.43
2010,152,live,ems,D4,NA,731,sm,12.67
2010,152,live,ems,E2,NA,731,rp,27.53
2010,223,live,ems,D4,NA,731,sm,12.75
2010,223,live,ems,E2,NA,731,rp,27.62
2010,341,live,ems,D4,NA,731,sm,12.79
2010,341,live,ems,E2,NA,731,rp,27.67
2010,117,live,ems,D4,NA,732,rm,14.58
2010,152,live,ems,D4,NA,732,rm,14.71
2010,223,live,ems,D4,NA,732,rm,14.89
2010,341,live,ems,D4,NA,732,rm,14.94
2010,117,live,ems,C5,NA,733,rm,13.62
2010,152,live,ems,C5,NA,733,rm,12.78
2010,223,live,ems,C5,NA,733,rm,12.88
2010,341,live,ems,C5,NA,733,rm,12.9
2010,117,live,ems,E5,NA,734,hem,13.79
2010,152,live,ems,E5,NA,734,hem,13.91
2010,223,live,ems,E5,NA,734,hem,14.02
2010,341,live,ems,E5,NA,734,hem,14.11
2010,117,live,ems,F4,NA,735,ash,24.93
2010,152,live,ems,F4,NA,735,ash,25.12
2010,223,live,ems,F4,NA,735,ash,25.44
2010,341,live,ems,F4,NA,735,ash,25.51
2010,117,live,ems,F3,NA,737,hem,14.82
2010,152,live,ems,F3,NA,737,hem,14.19
2010,223,live,ems,F3,NA,737,hem,14.28
2010,341,live,ems,F3,NA,737,hem,14.29
2010,117,live,ems,E3,NA,738,rm,11.53
2010,152,live,ems,E3,NA,738,rm,11.58
2010,223,live,ems,E3,NA,738,rm,11.66
2010,341,live,ems,E3,NA,738,rm,11.7
2010,117,live,ems,G5,NA,739,hem,13.53
2010,152,live,ems,G5,NA,739,hem,13.64
2010,223,live,ems,G5,NA,739,hem,13.75
2010,341,live,ems,G5,NA,739,hem,13.83
2010,117,live,ems,G5,NA,740,rm,10.76
2010,152,live,ems,G5,NA,740,rm,10.78
2010,223,live,ems,G5,NA,740,rm,10.77
2010,341,live,ems,G5,NA,740,rm,10.83
2010,117,live,ems,G5,NA,741,rm,10.71
2010,152,live,ems,G5,NA,741,rm,10.72
2010,223,live,ems,G5,NA,741,rm,10.72
2010,341,live,ems,G5,NA,741,rm,10.73
2010,117,live,ems,G5,NA,742,hem,13.78
2010,152,live,ems,G5,NA,742,hem,13.88
2010,223,live,ems,G5,NA,742,hem,13.97
2010,341,live,ems,G5,NA,742,hem,13.99
2010,117,live,ems,H5,NA,743,hem,10.64
2010,152,live,ems,H5,NA,743,hem,10.65
2010,223,live,ems,H5,NA,743,hem,10.66
2010,341,live,ems,H5,NA,743,hem,10.65
2010,117,live,ems,G5,NA,751,hem,10.93
2010,152,live,ems,G5,NA,751,hem,10.95
2010,223,live,ems,G5,NA,751,hem,10.99
2010,341,live,ems,G5,NA,751,hem,11
2010,117,live,ems,E3,NA,752,ro,56.28
2010,117,live,ems,G5,NA,752,rm,10.71
2010,152,live,ems,E3,NA,752,ro,57.47
2010,152,live,ems,G5,NA,752,rm,10.72
2010,223,live,ems,E3,NA,752,ro,57.69
2010,223,live,ems,G5,NA,752,rm,10.78
2010,341,live,ems,E3,NA,752,ro,57.75
2010,341,live,ems,G5,NA,752,rm,10.81
2010,117,live,ems,E3,NA,753,ro,48.1
2010,152,live,ems,E3,NA,753,ro,47.96
2010,223,live,ems,E3,NA,753,ro,48.09
2010,341,live,ems,E3,NA,753,ro,48.14
2010,117,live,ems,E3,NA,756,rm,25.72
2010,152,live,ems,E3,NA,756,rm,25.71
2010,223,live,ems,E3,NA,756,rm,25.87
2010,341,live,ems,E3,NA,756,rm,25.91
2010,117,live,ems,E3,NA,760,ro,27.12
2010,152,live,ems,E3,NA,760,ro,26.22
2010,223,live,ems,E3,NA,760,ro,26.33
2010,341,live,ems,E3,NA,760,ro,26.35
2010,117,live,ems,E3,NA,761,ro,35.99
2010,152,live,ems,E3,NA,761,ro,35.5
2010,223,live,ems,E3,NA,761,ro,35.63
2010,341,live,ems,E3,NA,761,ro,35.66
2010,117,live,ems,E3,NA,763,ro,40.69
2010,152,live,ems,E3,NA,763,ro,40.82
2010,223,live,ems,E3,NA,763,ro,40.94
2010,341,live,ems,E3,NA,763,ro,40.97
2010,117,live,ems,E3,NA,764,ro,35.05
2010,152,live,ems,E3,NA,764,ro,35.19
2010,223,live,ems,E3,NA,764,ro,35.32
2010,341,live,ems,E3,NA,764,ro,35.35
2010,117,live,ems,E3,NA,765,ro,29.92
2010,152,live,ems,E3,NA,765,ro,30.12
2010,223,live,ems,E3,NA,765,ro,30.34
2010,341,live,ems,E3,NA,765,ro,30.46
2010,117,live,ems,E3,NA,766,ro,41.31
2010,152,live,ems,E3,NA,766,ro,41.17
2010,223,live,ems,E3,NA,766,ro,41.29
2010,341,live,ems,E3,NA,766,ro,41.29
2010,117,live,ems,E3,NA,767,rm,15.71
2010,152,live,ems,E3,NA,767,rm,15.72
2010,223,live,ems,E3,NA,767,rm,15.76
2010,341,live,ems,E3,NA,767,rm,15.79
2010,117,live,ems,E3,NA,768,rm,15.93
2010,152,live,ems,E3,NA,768,rm,15.98
2010,223,live,ems,E3,NA,768,rm,16.11
2010,341,live,ems,E3,NA,768,rm,16.16
2010,117,live,ems,E3,NA,769,ro,42.57
2010,152,live,ems,E3,NA,769,ro,42.77
2010,223,live,ems,E3,NA,769,ro,43.11
2010,341,live,ems,E3,NA,769,ro,43.14
2010,117,live,ems,E3,NA,771,rm,12.47
2010,152,live,ems,E3,NA,771,rm,12.46
2010,223,live,ems,E3,NA,771,rm,12.46
2010,341,live,ems,E3,NA,771,rm,12.45
2010,117,live,ems,E3,NA,772,ro,22.95
2010,152,live,ems,E3,NA,772,ro,22.97
2010,223,live,ems,E3,NA,772,ro,23
2010,341,live,ems,E3,NA,772,ro,23
2010,117,live,ems,E3,NA,773,ro,28.32
2010,152,live,ems,E3,NA,773,ro,28.41
2010,223,live,ems,E3,NA,773,ro,28.46
2010,341,live,ems,E3,NA,773,ro,28.51
2010,117,live,ems,E3,NA,774,rm,12.07
2010,152,live,ems,E3,NA,774,rm,12.08
2010,223,live,ems,E3,NA,774,rm,12.08
2010,341,live,ems,E3,NA,774,rm,12.08
2010,117,live,ems,E3,NA,775,ro,36.01
2010,152,live,ems,E3,NA,775,ro,36
2010,223,live,ems,E3,NA,775,ro,36.08
2010,341,live,ems,E3,NA,775,ro,36.1
2010,117,live,ems,E3,NA,776,ro,20.23
2010,152,live,ems,E3,NA,776,ro,20.25
2010,223,live,ems,E3,NA,776,ro,20.27
2010,341,live,ems,E3,NA,776,ro,20.26
2010,117,live,ems,E3,NA,777,rm,16.74
2010,152,live,ems,E3,NA,777,rm,16.88
2010,223,live,ems,E3,NA,777,rm,17.06
2010,341,live,ems,E3,NA,777,rm,17.14
2010,117,live,ems,E4,NA,802,ro,36.33
2010,152,live,ems,E4,NA,802,ro,35.9
2010,223,live,ems,E4,NA,802,ro,36.03
2010,341,live,ems,E4,NA,802,ro,36.06
2010,117,live,ems,E4,NA,803,ro,24.5
2010,152,live,ems,E4,NA,803,ro,24.59
2010,223,live,ems,E4,NA,803,ro,24.71
2010,341,live,ems,E4,NA,803,ro,24.66
2010,117,live,ems,E4,NA,804,ws,21.23
2010,152,live,ems,E4,NA,804,ws,21.24
2010,223,live,ems,E4,NA,804,ws,21.25
2010,341,live,ems,E4,NA,804,ws,21.23
2010,117,live,ems,E4,NA,805,wp,45.53
2010,152,live,ems,E4,NA,805,wp,45.6
2010,223,live,ems,E4,NA,805,wp,45.81
2010,341,live,ems,E4,NA,805,wp,46.01
2010,117,live,ems,E4,NA,806,ws,21.32
2010,152,live,ems,E4,NA,806,ws,21.33
2010,223,live,ems,E4,NA,806,ws,21.33
2010,341,live,ems,E4,NA,806,ws,21.31
2010,117,live,ems,E4,NA,810,rm,24.15
2010,152,live,ems,E4,NA,810,rm,24.2
2010,223,live,ems,E4,NA,810,rm,24.46
2010,341,live,ems,E4,NA,810,rm,24.56
2010,117,live,ems,E4,NA,811,rm,17.21
2010,152,live,ems,E4,NA,811,rm,17.22
2010,223,live,ems,E4,NA,811,rm,17.22
2010,341,live,ems,E4,NA,811,rm,17.23
2010,117,live,ems,E4,NA,813,rm,11.23
2010,152,live,ems,E4,NA,813,rm,11.23
2010,223,live,ems,E4,NA,813,rm,11.24
2010,341,live,ems,E4,NA,813,rm,11.24
2010,117,live,ems,E4,NA,815,ro,29.59
2010,152,live,ems,E4,NA,815,ro,29.69
2010,223,live,ems,E4,NA,815,ro,29.89
2010,341,live,ems,E4,NA,815,ro,29.92
2010,117,live,ems,E4,NA,817,rm,12.71
2010,152,live,ems,E4,NA,817,rm,12.71
2010,223,live,ems,E4,NA,817,rm,12.71
2010,341,live,ems,E4,NA,817,rm,12.72
2010,117,live,ems,E4,NA,819,yb,25.58
2010,152,live,ems,E4,NA,819,yb,25.58
2010,223,live,ems,E4,NA,819,yb,25.56
2010,341,live,ems,E4,NA,819,yb,25.54
2010,117,live,ems,E4,NA,821,rm,29.22
2010,152,live,ems,E4,NA,821,rm,28.23
2010,223,live,ems,E4,NA,821,rm,28.46
2010,341,live,ems,E4,NA,821,rm,28.48
2010,117,live,ems,E4,NA,822,rm,11.44
2010,152,live,ems,E4,NA,822,rm,11.44
2010,223,live,ems,E4,NA,822,rm,11.43
2010,341,live,ems,E4,NA,822,rm,11.46
2010,117,live,ems,E4,NA,824,ws,18.87
2010,152,live,ems,E4,NA,824,ws,18.88
2010,223,live,ems,E4,NA,824,ws,18.9
2010,341,live,ems,E4,NA,824,ws,18.9
2010,117,live,ems,E4,NA,826,ws,18.73
2010,152,live,ems,E4,NA,826,ws,18.71
2010,223,live,ems,E4,NA,826,ws,18.73
2010,341,live,ems,E4,NA,826,ws,18.69
2010,117,live,ems,E4,NA,827,rm,13.03
2010,152,live,ems,E4,NA,827,rm,13.02
2010,223,live,ems,E4,NA,827,rm,13.03
2010,341,live,ems,E4,NA,827,rm,13.02
2010,117,live,ems,E4,NA,830,ro,33.88
2010,152,live,ems,E4,NA,830,ro,33.66
2010,223,live,ems,E4,NA,830,ro,33.81
2010,341,live,ems,E4,NA,830,ro,33.79
2010,117,live,ems,E4,NA,831,ws,15.54
2010,152,live,ems,E4,NA,831,ws,15.59
2010,223,live,ems,E4,NA,831,ws,15.6
2010,341,live,ems,E4,NA,831,ws,15.6
2010,117,live,ems,E4,NA,834,rm,24.98
2010,152,live,ems,E4,NA,834,rm,25
2010,223,live,ems,E4,NA,834,rm,25.06
2010,341,live,ems,E4,NA,834,rm,25.09
2010,117,live,ems,E4,NA,835,rm,15.58
2010,152,live,ems,E4,NA,835,rm,15.58
2010,223,live,ems,E4,NA,835,rm,15.58
2010,341,live,ems,E4,NA,835,rm,15.59
2010,117,live,ems,E4,NA,837,wp,14.32
2010,152,live,ems,E4,NA,837,wp,14.26
2010,223,live,ems,E4,NA,837,wp,14.27
2010,341,live,ems,E4,NA,837,wp,14.27
2010,117,live,ems,E4,NA,842,wp,20.66
2010,152,live,ems,E4,NA,842,wp,20.67
2010,223,live,ems,E4,NA,842,wp,20.69
2010,341,live,ems,E4,NA,842,wp,20.69
2010,117,live,ems,E4,NA,843,rm,24.14
2010,152,live,ems,E4,NA,843,rm,23.2
2010,223,live,ems,E4,NA,843,rm,23.32
2010,341,live,ems,E4,NA,843,rm,23.38
2010,117,live,ems,E4,NA,844,rm,16.52
2010,152,live,ems,E4,NA,844,rm,16.54
2010,223,live,ems,E4,NA,844,rm,16.55
2010,341,live,ems,E4,NA,844,rm,16.56
2010,117,live,ems,E4,NA,847,yb,16.25
2010,152,live,ems,E4,NA,847,yb,16.26
2010,223,live,ems,E4,NA,847,yb,16.26
2010,341,live,ems,E4,NA,847,yb,16.26
2010,117,live,ems,E4,NA,852,ws,20.4
2010,152,live,ems,E4,NA,852,ws,20.42
2010,223,live,ems,E4,NA,852,ws,20.41
2010,341,live,ems,E4,NA,852,ws,20.4
2010,117,live,ems,E4,NA,853,ro,38.07
2010,152,live,ems,E4,NA,853,ro,38.28
2010,223,live,ems,E4,NA,853,ro,38.55
2010,341,live,ems,E4,NA,853,ro,38.6
2010,117,live,ems,E4,NA,854,hem,16.83
2010,152,live,ems,E4,NA,854,hem,17.05
2010,223,live,ems,E4,NA,854,hem,17.26
2010,341,live,ems,E4,NA,854,hem,17.35
2010,117,live,ems,E4,NA,856,ws,19.23
2010,152,live,ems,E4,NA,856,ws,19.23
2010,223,live,ems,E4,NA,856,ws,19.24
2010,341,live,ems,E4,NA,856,ws,19.25
2010,117,live,ems,E4,NA,859,ws,21.88
2010,152,live,ems,E4,NA,859,ws,21.88
2010,223,live,ems,E4,NA,859,ws,21.9
2010,341,live,ems,E4,NA,859,ws,21.89
2010,117,live,ems,E5,NA,876,hem,31.69
2010,152,live,ems,E5,NA,876,hem,31.75
2010,223,live,ems,E5,NA,876,hem,31.84
2010,341,live,ems,E5,NA,876,hem,31.85
2010,117,live,ems,E5,NA,877,rm,21.81
2010,152,live,ems,E5,NA,877,rm,21.96
2010,223,live,ems,E5,NA,877,rm,22.26
2010,341,live,ems,E5,NA,877,rm,22.4
2010,117,live,ems,E5,NA,878,hem,45.76
2010,152,live,ems,E5,NA,878,hem,45.88
2010,223,live,ems,E5,NA,878,hem,46.06
2010,341,live,ems,E5,NA,878,hem,46.16
2010,117,live,ems,E5,NA,879,wp,28.85
2010,152,live,ems,E5,NA,879,wp,28.88
2010,223,live,ems,E5,NA,879,wp,28.9
2010,341,live,ems,E5,NA,879,wp,28.96
2010,117,live,ems,E5,NA,880,ro,36.14
2010,152,live,ems,E5,NA,880,ro,36.18
2010,223,live,ems,E5,NA,880,ro,36.5
2010,341,live,ems,E5,NA,880,ro,36.57
2010,117,live,ems,E5,NA,884,wp,36.34
2010,152,live,ems,E5,NA,884,wp,36.37
2010,223,live,ems,E5,NA,884,wp,36.51
2010,341,live,ems,E5,NA,884,wp,36.47
2010,117,live,ems,E5,NA,885,rm,22.11
2010,152,live,ems,E5,NA,885,rm,22.15
2010,223,live,ems,E5,NA,885,rm,22.33
2010,341,live,ems,E5,NA,885,rm,22.39
2010,117,live,ems,E5,NA,887,rm,16.36
2010,152,live,ems,E5,NA,887,rm,16.38
2010,223,live,ems,E5,NA,887,rm,16.39
2010,341,live,ems,E5,NA,887,rm,16.4
2010,117,live,ems,E5,NA,889,hem,27.59
2010,152,live,ems,E5,NA,889,hem,27.74
2010,223,live,ems,E5,NA,889,hem,27.87
2010,341,live,ems,E5,NA,889,hem,27.93
2010,117,live,ems,E5,NA,890,ro,19.95
2010,152,live,ems,E5,NA,890,ro,20.05
2010,223,live,ems,E5,NA,890,ro,20.21
2010,341,live,ems,E5,NA,890,ro,20.28
2010,117,live,ems,E5,NA,891,rm,21.26
2010,152,live,ems,E5,NA,891,rm,21.29
2010,223,live,ems,E5,NA,891,rm,21.38
2010,341,live,ems,E5,NA,891,rm,21.38
2010,117,live,ems,E5,NA,892,rm,20.21
2010,152,live,ems,E5,NA,892,rm,20.21
2010,223,live,ems,E5,NA,892,rm,20.23
2010,341,live,ems,E5,NA,892,rm,20.24
2010,117,live,ems,E5,NA,893,hem,25.48
2010,152,live,ems,E5,NA,893,hem,25.59
2010,223,live,ems,E5,NA,893,hem,25.68
2010,341,live,ems,E5,NA,893,hem,25.73
2010,117,live,ems,E5,NA,895,rm,22.61
2010,152,live,ems,E5,NA,895,rm,22.66
2010,223,live,ems,E5,NA,895,rm,22.8
2010,341,live,ems,E5,NA,895,rm,22.85
2010,117,live,ems,E5,NA,897,wp,25.46
2010,152,live,ems,E5,NA,897,wp,25.45
2010,223,live,ems,E5,NA,897,wp,25.44
2010,341,live,ems,E5,NA,897,wp,25.43
2010,117,live,ems,E5,NA,899,wp,53.82
2010,152,live,ems,E5,NA,899,wp,53.96
2010,223,live,ems,E5,NA,899,wp,54.21
2010,341,live,ems,E5,NA,899,wp,54.31
2010,117,live,ems,E5,NA,900,rm,17.91
2010,152,live,ems,E5,NA,900,rm,17.92
2010,223,live,ems,E5,NA,900,rm,17.96
2010,341,live,ems,E5,NA,900,rm,17.98
2010,117,live,ems,E5,NA,901,wp,33.53
2010,152,live,ems,E5,NA,901,wp,33.6
2010,223,live,ems,E5,NA,901,wp,33.71
2010,341,live,ems,E5,NA,901,wp,33.8
2010,117,live,ems,E5,NA,902,hem,13.8
2010,152,live,ems,E5,NA,902,hem,13.81
2010,223,live,ems,E5,NA,902,hem,13.84
2010,341,live,ems,E5,NA,902,hem,13.86
2010,117,live,ems,E5,NA,903,ro,29.74
2010,152,live,ems,E5,NA,903,ro,29.86
2010,223,live,ems,E5,NA,903,ro,30.18
2010,341,live,ems,E5,NA,903,ro,30.26
2010,117,live,ems,E5,NA,904,rm,16.83
2010,152,live,ems,E5,NA,904,rm,16.84
2010,223,live,ems,E5,NA,904,rm,16.86
2010,341,live,ems,E5,NA,904,rm,16.88
2010,117,live,ems,E5,NA,905,hem,22.97
2010,152,live,ems,E5,NA,905,hem,23.17
2010,223,live,ems,E5,NA,905,hem,23.36
2010,341,live,ems,E5,NA,905,hem,23.48
2010,117,live,ems,E5,NA,908,rm,27.8
2010,152,live,ems,E5,NA,908,rm,27.81
2010,223,live,ems,E5,NA,908,rm,28.03
2010,341,live,ems,E5,NA,908,rm,28.05
2010,117,live,ems,E5,NA,909,rm,20.28
2010,152,live,ems,E5,NA,909,rm,20.39
2010,223,live,ems,E5,NA,909,rm,20.7
2010,341,live,ems,E5,NA,909,rm,20.83
2010,117,live,ems,E5,NA,910,rm,22.24
2010,152,live,ems,E5,NA,910,rm,22.29
2010,223,live,ems,E5,NA,910,rm,22.42
2010,341,live,ems,E5,NA,910,rm,22.46
2010,117,live,ems,E5,NA,911,hem,43.89
2010,152,live,ems,E5,NA,911,hem,44.04
2010,223,live,ems,E5,NA,911,hem,44.24
2010,341,live,ems,E5,NA,911,hem,44.29
2010,117,live,ems,F1,NA,929,rp,38.7
2010,152,live,ems,F1,NA,929,rp,38.81
2010,223,live,ems,F1,NA,929,rp,38.96
2010,341,live,ems,F1,NA,929,rp,39.03
2010,117,live,ems,F1,NA,930,hem,60.01
2010,152,live,ems,F1,NA,930,hem,60.11
2010,223,live,ems,F1,NA,930,hem,60.36
2010,341,live,ems,F1,NA,930,hem,60.38
2010,117,dead,ems,F1,NA,932,cherry,18.69
2010,152,dead,ems,F1,NA,932,cherry,18.73
2010,223,dead,ems,F1,NA,932,cherry,18.7
2010,223,dead,ems,F1,NA,932,cherry,18.69
2010,117,live,ems,F1,NA,933,rm,20.15
2010,152,live,ems,F1,NA,933,rm,20.21
2010,223,live,ems,F1,NA,933,rm,20.36
2010,341,live,ems,F1,NA,933,rm,20.43
2010,117,live,ems,F1,NA,934,rm,15.9
2010,152,live,ems,F1,NA,934,rm,15.9
2010,223,live,ems,F1,NA,934,rm,15.91
2010,341,live,ems,F1,NA,934,rm,15.92
2010,117,live,ems,F1,NA,936,rm,12.34
2010,152,live,ems,F1,NA,936,rm,12.39
2010,223,live,ems,F1,NA,936,rm,12.48
2010,341,live,ems,F1,NA,936,rm,12.51
2010,117,live,ems,F1,NA,937,rm,32.1
2010,152,live,ems,F1,NA,937,rm,32.16
2010,223,live,ems,F1,NA,937,rm,32.35
2010,341,live,ems,F1,NA,937,rm,32.39
2010,117,live,ems,F1,NA,938,rm,29.61
2010,152,live,ems,F1,NA,938,rm,29.69
2010,223,live,ems,F1,NA,938,rm,29.91
2010,341,live,ems,F1,NA,938,rm,29.97
2010,117,live,ems,F1,NA,941,rm,26.53
2010,152,live,ems,F1,NA,941,rm,26.55
2010,223,live,ems,F1,NA,941,rm,26.62
2010,341,live,ems,F1,NA,941,rm,26.68
2010,117,live,ems,F1,NA,943,rm,24.61
2010,152,live,ems,F1,NA,943,rm,24.65
2010,223,live,ems,F1,NA,943,rm,24.73
2010,341,live,ems,F1,NA,943,rm,24.79
2010,117,live,ems,F1,NA,945,rp,37
2010,152,live,ems,F1,NA,945,rp,37.06
2010,223,live,ems,F1,NA,945,rp,37.18
2010,341,live,ems,F1,NA,945,rp,37.24
2010,117,live,ems,F1,NA,947,rm,17.28
2010,152,live,ems,F1,NA,947,rm,17.28
2010,223,live,ems,F1,NA,947,rm,17.35
2010,341,live,ems,F1,NA,947,rm,17.37
2010,117,live,ems,F1,NA,948,rm,21.29
2010,152,live,ems,F1,NA,948,rm,21.36
2010,223,live,ems,F1,NA,948,rm,21.6
2010,341,live,ems,F1,NA,948,rm,21.66
2010,117,live,ems,F1,NA,949,bo,35.14
2010,152,live,ems,F1,NA,949,bo,35.21
2010,223,live,ems,F1,NA,949,bo,35.45
2010,341,live,ems,F1,NA,949,bo,35.47
2010,117,live,ems,F1,NA,950,rm,10.39
2010,152,live,ems,F1,NA,950,rm,10.39
2010,223,live,ems,F1,NA,950,rm,10.43
2010,341,live,ems,F1,NA,950,rm,10.44
2010,117,live,ems,F1,NA,951,rp,41.33
2010,152,live,ems,F1,NA,951,rp,41.4
2010,223,live,ems,F1,NA,951,rp,41.47
2010,341,live,ems,F1,NA,951,rp,41.53
2010,117,dead,ems,F1,NA,953,rp,33.63
2010,152,dead,ems,F1,NA,953,rp,33.66
2010,223,dead,ems,F1,NA,953,rp,33.71
2010,223,dead,ems,F1,NA,953,rp,33.78
2010,117,live,ems,F1,NA,957,rp,36.56
2010,152,live,ems,F1,NA,957,rp,36.63
2010,223,live,ems,F1,NA,957,rp,36.72
2010,341,live,ems,F1,NA,957,rp,36.77
2010,117,live,ems,F1,NA,960,rp,40.44
2010,152,live,ems,F1,NA,960,rp,40.48
2010,223,live,ems,F1,NA,960,rp,40.57
2010,341,live,ems,F1,NA,960,rp,40.62
2010,117,live,ems,F2,NA,977,rm,19.39
2010,152,live,ems,F2,NA,977,rm,19.53
2010,223,live,ems,F2,NA,977,rm,19.78
2010,341,live,ems,F2,NA,977,rm,19.88
2010,117,live,ems,F2,NA,978,yb,11.13
2010,152,live,ems,F2,NA,978,yb,11.15
2010,223,live,ems,F2,NA,978,yb,11.19
2010,341,live,ems,F2,NA,978,yb,11.21
2010,117,live,ems,F2,NA,980,hem,32.41
2010,152,live,ems,F2,NA,980,hem,32.46
2010,223,live,ems,F2,NA,980,hem,32.55
2010,341,live,ems,F2,NA,980,hem,32.55
2010,117,live,ems,F2,NA,981,rm,27.37
2010,152,live,ems,F2,NA,981,rm,27.36
2010,223,live,ems,F2,NA,981,rm,27.37
2010,341,live,ems,F2,NA,981,rm,27.37
2010,117,live,ems,F2,NA,982,rm,25.28
2010,152,live,ems,F2,NA,982,rm,25.38
2010,223,live,ems,F2,NA,982,rm,25.6
2010,341,live,ems,F2,NA,982,rm,25.7
2010,117,live,ems,F2,NA,983,yb,19.29
2010,152,live,ems,F2,NA,983,yb,19.3
2010,223,live,ems,F2,NA,983,yb,19.32
2010,341,live,ems,F2,NA,983,yb,19.34
2010,117,live,ems,F2,NA,984,rm,42.65
2010,152,live,ems,F2,NA,984,rm,42.08
2010,223,live,ems,F2,NA,984,rm,42.16
2010,341,live,ems,F2,NA,984,rm,42.21
2010,117,live,ems,F2,NA,985,yb,16.52
2010,152,live,ems,F2,NA,985,yb,16.58
2010,223,live,ems,F2,NA,985,yb,16.71
2010,341,live,ems,F2,NA,985,yb,16.76
2010,117,live,ems,F2,NA,986,rm,20.36
2010,152,live,ems,F2,NA,986,rm,20.37
2010,223,live,ems,F2,NA,986,rm,20.41
2010,341,live,ems,F2,NA,986,rm,20.43
2010,117,live,ems,F2,NA,987,rm,24.18
2010,152,live,ems,F2,NA,987,rm,24.17
2010,223,live,ems,F2,NA,987,rm,24.19
2010,341,live,ems,F2,NA,987,rm,24.2
2010,117,live,ems,F2,NA,988,bb,20.8
2010,152,live,ems,F2,NA,988,bb,21
2010,223,live,ems,F2,NA,988,bb,21.27
2010,341,live,ems,F2,NA,988,bb,21.44
2010,117,live,ems,F2,NA,990,bb,20.85
2010,152,live,ems,F2,NA,990,bb,20.94
2010,223,live,ems,F2,NA,990,bb,21.07
2010,341,live,ems,F2,NA,990,bb,21.15
2010,117,live,ems,F2,NA,991,ro,47.55
2010,152,live,ems,F2,NA,991,ro,47.96
2010,223,live,ems,F2,NA,991,ro,48.09
2010,341,live,ems,F2,NA,991,ro,48.13
2010,117,live,ems,F2,NA,992,ro,61.14
2010,152,live,ems,F2,NA,992,ro,61.24
2010,223,live,ems,F2,NA,992,ro,61.52
2010,341,live,ems,F2,NA,992,ro,61.57
2010,117,live,ems,F2,NA,993,bb,15.44
2010,152,live,ems,F2,NA,993,bb,15.5
2010,223,live,ems,F2,NA,993,bb,15.62
2010,341,live,ems,F2,NA,993,bb,15.66
2010,117,live,ems,F2,NA,994,yb,11.77
2010,152,live,ems,F2,NA,994,yb,11.79
2010,223,live,ems,F2,NA,994,yb,11.86
2010,341,live,ems,F2,NA,994,yb,11.88
2010,117,live,ems,F2,NA,995,ro,33.66
2010,152,live,ems,F2,NA,995,ro,33.75
2010,223,live,ems,F2,NA,995,ro,33.93
2010,341,live,ems,F2,NA,995,ro,33.96
